Code,Long Name,Income Group,Region,Lending category,Other groups,Currency Unit,Latest population census,Latest household survey,National accounts base year,National accounts reference year,System of National Accounts,SNA price valuation,Alternative conversion factor,PPP survey year,Balance of Payments Manual in use,External debt Reporting status,System of trade,Government Accounting concept,IMF data dissemination standard,Source of most recent Income and expenditure data,Vital registration complete,Latest agricultural census,Latest industrial data,Latest trade data,Latest water withdrawal data,2-alpha code,WB-2 code,Table Name,Short Name
ARG,Argentine Republic,High income: nonOECD,Latin America & Caribbean,IBRD,,Argentine peso,2010,"Multiple Indicator Cluster Survey, 2011/12",2004,,Country uses the 2008 System of National Accounts methodology.,Value added at basic prices (VAB),1971–84,,"IMF Balance of Payments Manual, 6th edition.",,Special trade system,Consolidated central government,Special Data Dissemination Standard (SDDS),"Integrated household survey (IHS), 2013",Yes,2008,2002,2014,2011,AR,AR,Argentina,Argentina
AUS,Commonwealth of Australia,High income: OECD,East Asia & Pacific,,,Australian dollar,2011,,Original chained constant price data are rescaled.,2013/14,Country uses the 2008 System of National Accounts methodology.,Value added at basic prices (VAB),,2011,"IMF Balance of Payments Manual, 6th edition.",,General trade system,Consolidated central government,Special Data Dissemination Standard (SDDS),"Expenditure survey/budget survey (ES/BS), 2010",Yes,2011,2012,2014,2013,AU,AU,Australia,Australia
BRA,Federative Republic of Brazil,Upper middle income,Latin America & Caribbean,IBRD,,Brazilian real,2010,"World Health Survey, 2003",1995,2000,Country uses the 1993 System of National Accounts methodology.,Value added at basic prices (VAB),,2011,"IMF Balance of Payments Manual, 6th edition.",Actual,Special trade system,Consolidated central government,Special Data Dissemination Standard (SDDS),"Integrated household survey (IHS), 2013",,2006,2012,2014,2010,BR,BR,Brazil,Brazil
CHN,People's Republic of China,Upper middle income,East Asia & Pacific,IBRD,,Chinese yuan,2010,"National Sample Survey on Population Changes, 2013",2000,,Country uses the 1993 System of National Accounts methodology.,Value added at producer prices (VAP),1978–93,2011,"IMF Balance of Payments Manual, 6th edition.",Preliminary,General trade system,Consolidated central government,Special Data Dissemination Standard (SDDS),"Integrated household survey (IHS), 2014",,2007,2007,2014,2005,CN,CN,China,China
FRA,French Republic,High income: OECD,Europe & Central Asia,,Euro area,Euro,2006. Rolling census based on continuous sample survey.,,Original chained constant price data are rescaled.,2010,Country uses the 2008 System of National Accounts methodology.,Value added at basic prices (VAB),,Rolling,"IMF Balance of Payments Manual, 6th edition.",,Special trade system,Consolidated central government,Special Data Dissemination Standard Plus (SDDS+),"Expenditure survey/budget survey (ES/BS), 2012",Yes,2010,2012,2014,2010,FR,FR,France,France
DEU,Federal Republic of Germany,High income: OECD,Europe & Central Asia,,Euro area,Euro,2011,,Original chained constant price data are rescaled.,2010,Country uses the 2008 System of National Accounts methodology.,Value added at basic prices (VAB),,Rolling,"IMF Balance of Payments Manual, 6th edition.",,Special trade system,Consolidated central government,Special Data Dissemination Standard Plus (SDDS+),"Integrated household survey (IHS), 2011",Yes,2010,2012,2014,2010,DE,DE,Germany,Germany
IND,Republic of India,Lower middle income,South Asia,IBRD,,Indian rupee,2011,"Demographic and Health Survey, 2005/06",2011/12,,Country uses the 2008 System of National Accounts methodology.,Value added at basic prices (VAB),,2011,"IMF Balance of Payments Manual, 6th edition.",Actual,General trade system,Consolidated central government,Special Data Dissemination Standard (SDDS),"Integrated household survey (IHS), 2011/12",,2010/11,2011,2014,2010,IN,IN,India,India
IDN,Republic of Indonesia,Lower middle income,East Asia & Pacific,IBRD,,Indonesian rupiah,2010,"Demographic and Health Survey, 2012",2010,,Country uses the 1993 System of National Accounts methodology.,Value added at basic prices (VAB),,2011,"IMF Balance of Payments Manual, 6th edition.",Actual,General trade system,Consolidated central government,Special Data Dissemination Standard (SDDS),"Integrated household survey (IHS), 2014",,2013,2011,2014,2000,ID,ID,Indonesia,Indonesia
ITA,Italian Republic,High income: OECD,Europe & Central Asia,,Euro area,Euro,"2012. Population data compiled from administrative registers in combination with other sources of data, such as a sample surveys.",,Original chained constant price data are rescaled.,2010,Country uses the 2008 System of National Accounts methodology.,Value added at basic prices (VAB),,Rolling,"IMF Balance of Payments Manual, 6th edition.",,General trade system,Consolidated central government,Special Data Dissemination Standard Plus (SDDS+),"Income survey (IS), 2012",Yes,2010,2012,2014,2008,IT,IT,Italy,Italy
JPN,Japan,High income: OECD,East Asia & Pacific,,,Japanese yen,2010,,Original chained constant price data are rescaled.,2010,Country uses the 1993 System of National Accounts methodology.,Value added at basic prices (VAB),,2011,"IMF Balance of Payments Manual, 6th edition.",,General trade system,Consolidated central government,Special Data Dissemination Standard (SDDS),"Integrated household survey (IHS), 2008",Yes,2010,2012,2014,2009,JP,JP,Japan,Japan
KOR,Republic of Korea,High income: OECD,East Asia & Pacific,IBRD,,Korean won,2010,,2010,,Country uses the 2008 System of National Accounts methodology.,Value added at basic prices (VAB),,2011,"IMF Balance of Payments Manual, 6th edition.",,General trade system,Consolidated central government,Special Data Dissemination Standard (SDDS),"Expenditure survey/budget survey (ES/BS), 1998",Yes,2010,2012,2014,2005,KR,KR,"Korea, Rep.",Korea
MEX,United Mexican States,Upper middle income,Latin America & Caribbean,IBRD,,Mexican peso,2010,"Multiple Indicator Cluster Survey, 2015",2008,,Country uses the 2008 System of National Accounts methodology.,Value added at basic prices (VAB),,2011,"IMF Balance of Payments Manual, 6th edition.",Actual,General trade system,Consolidated central government,Special Data Dissemination Standard (SDDS),"Integrated household survey (IHS), 2014",Yes,2007,2010,2014,2011,MX,MX,Mexico,Mexico
NLD,Kingdom of the Netherlands,High income: OECD,Europe & Central Asia,,Euro area,Euro,"2011. Population data compiled from administrative registers in combination with other sources of data, such as a sample surveys.",,Original chained constant price data are rescaled.,2010,Country uses the 2008 System of National Accounts methodology.,Value added at basic prices (VAB),,Rolling,"IMF Balance of Payments Manual, 6th edition.",,Special trade system,Consolidated central government,Special Data Dissemination Standard Plus (SDDS+),"Integrated household survey (IHS), 2012",Yes,2010,2012,2014,2010,NL,NL,Netherlands,Netherlands
RUS,Russian Federation,High income: nonOECD,Europe & Central Asia,IBRD,,Russian ruble,2010,"World Health Survey, 2003",2000,,Country uses the 1993 System of National Accounts methodology.,Value added at basic prices (VAB),1987–95,2011,"IMF Balance of Payments Manual, 6th edition.",,General trade system,Consolidated central government,Special Data Dissemination Standard (SDDS),"Integrated household survey (IHS), 2013",Yes,2006,2012,2014,2001,RU,RU,Russian Federation,Russia
SAU,Kingdom of Saudi Arabia,High income: nonOECD,Middle East & North Africa,,,Saudi Arabian riyal,2010,"Demographic survey, 2007",2010,,Country uses the 1993 System of National Accounts methodology.,Value added at producer prices (VAP),,2011,"IMF Balance of Payments Manual, 6th edition.",,General trade system,,General Data Dissemination System (GDDS),,,2010,2006,2013,2006,SA,SA,Saudi Arabia,Saudi Arabia
ESP,Kingdom of Spain,High income: OECD,Europe & Central Asia,,Euro area,Euro,"2011. Population data compiled from administrative registers in combination with other sources of data, such as a sample surveys.",,Original chained constant price data are rescaled.,2010,Country uses the 2008 System of National Accounts methodology.,Value added at basic prices (VAB),,Rolling,"IMF Balance of Payments Manual, 6th edition.",,Special trade system,Consolidated central government,Special Data Dissemination Standard Plus (SDDS+),"Integrated household survey (IHS), 2012",Yes,2009,2011,2014,2010,ES,ES,Spain,Spain
CHE,Switzerland,High income: OECD,Europe & Central Asia,,,Swiss franc,"2010. Population data compiled from administrative registers in combination with other sources of data, such as a sample surveys.",,Original chained constant price data are rescaled.,2010,Country uses the 2008 System of National Accounts methodology.,Value added at basic prices (VAB),,Rolling,"IMF Balance of Payments Manual, 6th edition.",,Special trade system,Consolidated central government,Special Data Dissemination Standard (SDDS),"Expenditure survey/budget survey (ES/BS), 2012",Yes,2010,2012,2014,2012,CH,CH,Switzerland,Switzerland
TUR,Republic of Turkey,Upper middle income,Europe & Central Asia,IBRD,,New Turkish lira,"2011. Population data compiled from administrative registers in combination with other sources of data, such as a sample surveys.","Turkey Demographic and Health Survey, 2008",1998,,Country uses the 1993 System of National Accounts methodology.,Value added at basic prices (VAB),,Rolling,"IMF Balance of Payments Manual, 6th edition.",Actual,Special trade system,Consolidated central government,Special Data Dissemination Standard (SDDS),"Expenditure survey/budget survey (ES/BS), 2012",Yes,2014,2009,2014,2003,TR,TR,Turkey,Turkey
GBR,United Kingdom of Great Britain and Northern Ireland,High income: OECD,Europe & Central Asia,,,Pound sterling,2011,,Original chained constant price data are rescaled.,2010,Country uses the 2008 System of National Accounts methodology.,Value added at basic prices (VAB),,Rolling,"IMF Balance of Payments Manual, 6th edition.",,General trade system,Consolidated central government,Special Data Dissemination Standard (SDDS),"Income survey (IS), 2012",Yes,2010,2012,2014,2011,GB,GB,United Kingdom,United Kingdom
USA,United States of America,High income: OECD,North America,,,U.S. dollar,2010,,Original chained constant price data are rescaled.,2010,Country uses the 2008 System of National Accounts methodology.,Value added at basic prices (VAB),,2011,"IMF Balance of Payments Manual, 6th edition.",,General trade system,Consolidated central government,Special Data Dissemination Standard Plus (SDDS+),"Labor force survey (LFS), 2013",Yes,2012,2008,2014,2005,US,US,United States,United States
AFG,Islamic State of Afghanistan,Low income,South Asia,IDA,HIPC,Afghan afghani,1979,"Demographic and Health Survey, 2015",2002/03,,Country uses the 1993 System of National Accounts methodology.,Value added at basic prices (VAB),,,"IMF Balance of Payments Manual, 6th edition.",Actual,General trade system,Consolidated central government,General Data Dissemination System (GDDS),"Integrated household survey (IHS), 2011",,,,2014,2000,AF,AF,Afghanistan,Afghanistan
ALB,Republic of Albania,Upper middle income,Europe & Central Asia,IBRD,,Albanian lek,2011,"Demographic and Health Survey, 2008/09",Original chained constant price data are rescaled.,1996,Country uses the 1993 System of National Accounts methodology.,Value added at basic prices (VAB),,Rolling,"IMF Balance of Payments Manual, 6th edition.",Actual,Special trade system,Consolidated central government,General Data Dissemination System (GDDS),"Living Standards Measurement Study Survey (LSMS), 2012",Yes,2012,2012,2014,2006,AL,AL,Albania,Albania
DZA,People's Democratic Republic of Algeria,Upper middle income,Middle East & North Africa,IBRD,,Algerian dinar,2008,"Multiple Indicator Cluster Survey, 2012/13",1980,,Country uses the 1968 System of National Accounts methodology.,Value added at basic prices (VAB),,2011,"IMF Balance of Payments Manual, 6th edition.",Actual,Special trade system,Budgetary central government,General Data Dissemination System (GDDS),"Integrated household survey (IHS), 1995",,,2010,2014,2012,DZ,DZ,Algeria,Algeria
ASM,American Samoa,Upper middle income,East Asia & Pacific,,,U.S. dollar,2010,,,,Country uses the 1968 System of National Accounts methodology.,,,2011 (household consumption only).,,,,,,,Yes,2008,,,,AS,AS,American Samoa,American Samoa
ADO,Principality of Andorra,High income: nonOECD,Europe & Central Asia,,,Euro,2011. Population data compiled from administrative registers.,,2000,,Country uses the 1968 System of National Accounts methodology.,Value added at basic prices (VAB),,,,,,,,,Yes,,,2014,,AD,AD,Andorra,Andorra
AGO,People's Republic of Angola,Upper middle income,Sub-Saharan Africa,IBRD,,Angolan kwanza,2014,"Demographic and Health Survey, 2015",2002,,Country uses the 1993 System of National Accounts methodology.,Value added at producer prices (VAP),1991–96,2011,"IMF Balance of Payments Manual, 6th edition.",Actual,,Budgetary central government,General Data Dissemination System (GDDS),"Integrated household survey (IHS), 2008/09",,,,,2005,AO,AO,Angola,Angola
ATG,Antigua and Barbuda,High income: nonOECD,Latin America & Caribbean,IBRD,,East Caribbean dollar,2011,,2006,,Country uses the 1968 System of National Accounts methodology.,Value added at basic prices (VAB),,2011,"IMF Balance of Payments Manual, 6th edition.",,General trade system,Budgetary central government,General Data Dissemination System (GDDS),,Yes,2007,,2014,2012,AG,AG,Antigua and Barbuda,Antigua and Barbuda
ARM,Republic of Armenia,Lower middle income,Europe & Central Asia,IBRD,,Armenian dram,2011,"Demographic and Health Survey, 2015",Original chained constant price data are rescaled.,1996,Country uses the 1993 System of National Accounts methodology.,Value added at basic prices (VAB),1990–95,2011,"IMF Balance of Payments Manual, 6th edition.",Actual,General trade system,Consolidated central government,Special Data Dissemination Standard (SDDS),"Integrated household survey (IHS), 2013",Yes,2014,,2014,2012,AM,AM,Armenia,Armenia
ABW,Aruba,High income: nonOECD,Latin America & Caribbean,,,Aruban florin,2010,,2000,,Country uses the 1993 System of National Accounts methodology.,Value added at basic prices (VAB),,2011,"IMF Balance of Payments Manual, 6th edition.",,General trade system,,,,Yes,,,2014,,AW,AW,Aruba,Aruba
AUT,Republic of Austria,High income: OECD,Europe & Central Asia,,Euro area,Euro,2011. Population data compiled from administrative registers.,,Original chained constant price data are rescaled.,2010,Country uses the 2008 System of National Accounts methodology.,Value added at basic prices (VAB),,Rolling,"IMF Balance of Payments Manual, 6th edition.",,Special trade system,Consolidated central government,Special Data Dissemination Standard (SDDS),"Integrated household survey (IHS), 2012",Yes,2010,2012,2014,2002,AT,AT,Austria,Austria
AZE,Republic of Azerbaijan,Upper middle income,Europe & Central Asia,IBRD,,New Azeri manat,2009,"Demographic and Health Survey, 2006",2000,,Country uses the 1993 System of National Accounts methodology.,Value added at basic prices (VAB),1992–95,2011,"IMF Balance of Payments Manual, 6th edition.",Actual,General trade system,Consolidated central government,General Data Dissemination System (GDDS),"Living Standards Measurement Study Survey (LSMS), 2013",Yes,2015,2012,2014,2012,AZ,AZ,Azerbaijan,Azerbaijan
BHS,Commonwealth of The Bahamas,High income: nonOECD,Latin America & Caribbean,,,Bahamian dollar,2010,,2006,,Country uses the 1993 System of National Accounts methodology.,Value added at basic prices (VAB),,2011,"IMF Balance of Payments Manual, 6th edition.",,General trade system,Consolidated central government,General Data Dissemination System (GDDS),,,,,2014,,BS,BS,"Bahamas, The",The Bahamas
BHR,Kingdom of Bahrain,High income: nonOECD,Middle East & North Africa,,,Bahraini dinar,2010. Population data compiled from administrative registers.,,2010,,Country uses the 2008 System of National Accounts methodology.,Value added at producer prices (VAP),,2011,"IMF Balance of Payments Manual, 6th edition.",,General trade system,Budgetary central government,General Data Dissemination System (GDDS),,Yes,,2010,2014,2003,BH,BH,Bahrain,Bahrain
BGD,People's Republic of Bangladesh,Lower middle income,South Asia,IDA,,Bangladeshi taka,2011,"Demographic and Health Survey, 2014; HIV/Maternal and Child Health Service Provision Assessment Survey, 2014",2005/06,,Country uses the 1993 System of National Accounts methodology.,Value added at basic prices (VAB),,2011,"IMF Balance of Payments Manual, 6th edition.",Preliminary,General trade system,Consolidated central government,General Data Dissemination System (GDDS),"Integrated household survey (IHS), 2010",,2008,2011,2011,2008,BD,BD,Bangladesh,Bangladesh
BRB,Barbados,High income: nonOECD,Latin America & Caribbean,,,Barbados dollar,2010,"Multiple Indicator Cluster Survey, 2012",1974,,Country uses the 1993 System of National Accounts methodology.,Value added at producer prices (VAP),,2011,"IMF Balance of Payments Manual, 6th edition.",,General trade system,Budgetary central government,General Data Dissemination System (GDDS),,Yes,,,2014,2005,BB,BB,Barbados,Barbados
BLR,Republic of Belarus,Upper middle income,Europe & Central Asia,IBRD,,Belarusian rubel,2009,"Multiple Indicator Cluster Survey, 2012",Original chained constant price data are rescaled.,2000,Country uses the 1993 System of National Accounts methodology.,Value added at basic prices (VAB),1990–95,2011,"IMF Balance of Payments Manual, 6th edition.",Actual,General trade system,Consolidated central government,Special Data Dissemination Standard (SDDS),"Integrated household survey (IHS), 2013",Yes,,2011,2014,2013,BY,BY,Belarus,Belarus
BEL,Kingdom of Belgium,High income: OECD,Europe & Central Asia,,Euro area,Euro,"2011. Population data compiled from administrative registers in combination with other sources of data, such as a sample surveys.",,Original chained constant price data are rescaled.,2010,Country uses the 2008 System of National Accounts methodology.,Value added at basic prices (VAB),,Rolling,"IMF Balance of Payments Manual, 6th edition.",,Special trade system,Consolidated central government,Special Data Dissemination Standard (SDDS),"Integrated household survey (IHS), 2012",Yes,2010,2012,2014,2009,BE,BE,Belgium,Belgium
BLZ,Belize,Upper middle income,Latin America & Caribbean,IBRD,,Belize dollar,2010,"Multiple Indicator Cluster Survey, 2015/16",2000,,Country uses the 1993 System of National Accounts methodology.,Value added at basic prices (VAB),,2011,"IMF Balance of Payments Manual, 6th edition.",Actual,General trade system,Budgetary central government,General Data Dissemination System (GDDS),"Labor force survey (LFS), 1999",,2011,,2014,2000,BZ,BZ,Belize,Belize
BEN,Republic of Benin,Low income,Sub-Saharan Africa,IDA,HIPC,West African CFA franc,2013,"Multiple Indicator Cluster Survey, 2014",2007,,Country uses the 1968 System of National Accounts methodology.,Value added at basic prices (VAB),1992,2011,"IMF Balance of Payments Manual, 6th edition.",Actual,General trade system,Budgetary central government,General Data Dissemination System (GDDS),"Core Welfare Indicator Questionnaire Survey (CWIQ), 2011/12",,,,2014,2001,BJ,BJ,Benin,Benin
BMU,The Bermudas,High income: nonOECD,North America,,,Bermuda dollar,2010,,2006,,Country uses the 1993 System of National Accounts methodology.,Value added at basic prices (VAB),,2011,"IMF Balance of Payments Manual, 6th edition.",,General trade system,,,,Yes,,,2014,,BM,BM,Bermuda,Bermuda
BTN,Kingdom of Bhutan,Lower middle income,South Asia,IDA,,Bhutanese ngultrum,2005,"Multiple Indicator Cluster Survey, 2010",2000,,Country uses the 1993 System of National Accounts methodology.,Value added at basic prices (VAB),,2011,"IMF Balance of Payments Manual, 6th edition.",Actual,General trade system,Consolidated central government,General Data Dissemination System (GDDS),"Integrated household survey (IHS), 2012",,"2009. Natural Resources Census, Livestock Census, Livestock and Aquaculture Census or Sample Agricultural Census.",,2012,2008,BT,BT,Bhutan,Bhutan
BOL,Plurinational State of Bolivia,Lower middle income,Latin America & Caribbean,Blend,HIPC,Bolivian Boliviano,2012,"Demographic and Health Survey, 2008",1990,,Country uses the 1968 System of National Accounts methodology.,Value added at basic prices (VAB),1960–85,2011,"IMF Balance of Payments Manual, 6th edition.",Actual,General trade system,Consolidated central government,General Data Dissemination System (GDDS),"Integrated household survey (IHS), 2013",,2013,2001,2014,2009,BO,BO,Bolivia,Bolivia
BIH,Bosnia and Herzegovina,Upper middle income,Europe & Central Asia,IBRD,,Bosnia and Herzegovina convertible mark,2013,"Multiple Indicator Cluster Survey, 2011/12",Original chained constant price data are rescaled.,2010,Country uses the 1993 System of National Accounts methodology.,Value added at basic prices (VAB),,Rolling,"IMF Balance of Payments Manual, 6th edition.",Actual,Special trade system,Consolidated central government,General Data Dissemination System (GDDS),"Living Standards Measurement Study Survey (LSMS), 2007",Yes,,2011,2014,2012,BA,BA,Bosnia and Herzegovina,Bosnia and Herzegovina
BWA,Republic of Botswana,Upper middle income,Sub-Saharan Africa,IBRD,,Botswana pula,2011,"Multiple Indicator Cluster Survey, 2000",2006,,Country uses the 1993 System of National Accounts methodology.,Value added at basic prices (VAB),,2011,"IMF Balance of Payments Manual, 6th edition.",Estimate,General trade system,Budgetary central government,General Data Dissemination System (GDDS),"Expenditure survey/budget survey (ES/BS), 2009/10",,2015,2012,2014,2000,BW,BW,Botswana,Botswana
BRN,Brunei Darussalam,High income: nonOECD,East Asia & Pacific,,,Brunei dollar,2011,,2000,,Country uses the 1993 System of National Accounts methodology.,Value added at producer prices (VAP),,2011,"IMF Balance of Payments Manual, 6th edition.",,Special trade system,,General Data Dissemination System (GDDS),,Yes,,,2014,1994,BN,BN,Brunei Darussalam,Brunei
BGR,Republic of Bulgaria,Upper middle income,Europe & Central Asia,IBRD,,Bulgarian lev,2011,"Living Standards Measurement Study, 2007",Original chained constant price data are rescaled.,2010,Country uses the 1993 System of National Accounts methodology.,Value added at basic prices (VAB),"1978–89, 1991–92",Rolling,"IMF Balance of Payments Manual, 6th edition.",Actual,Special trade system,Consolidated central government,Special Data Dissemination Standard (SDDS),"Expenditure survey/budget survey (ES/BS), 2012",Yes,2010,2012,2014,2009,BG,BG,Bulgaria,Bulgaria
BFA,Burkina Faso,Low income,Sub-Saharan Africa,IDA,HIPC,West African CFA franc,2006,"Living Standards Measurement Study, 2014; Malaria Indicator Survey, 2014",1999,,Country uses the 1993 System of National Accounts methodology.,Value added at basic prices (VAB),1992–93,2011,"IMF Balance of Payments Manual, 6th edition.",Actual,General trade system,Budgetary central government,General Data Dissemination System (GDDS),"Core Welfare Indicator Questionnaire Survey (CWIQ), 2009",,2006-10,,2014,2005,BF,BF,Burkina Faso,Burkina Faso
BDI,Republic of Burundi,Low income,Sub-Saharan Africa,IDA,HIPC,Burundi franc,2008,"Malaria Indicator Survey, 2012",2005,,Country uses the 1993 System of National Accounts methodology.,Value added at basic prices (VAB),,2011,"IMF Balance of Payments Manual, 6th edition.",Actual,General trade system,Budgetary central government,General Data Dissemination System (GDDS),"Core Welfare Indicator Questionnaire Survey (CWIQ), 2006",,,2010,2014,2000,BI,BI,Burundi,Burundi
CPV,Republic of Cabo Verde,Lower middle income,Sub-Saharan Africa,Blend,,Cabo Verde escudo,2010,"Demographic and Health Survey, 2005",2007,,Country uses the 1993 System of National Accounts methodology.,Value added at producer prices (VAP),,2011,"IMF Balance of Payments Manual, 6th edition.",Actual,Special trade system,Consolidated central government,General Data Dissemination System (GDDS),"Core Welfare Indicator Questionnaire Survey (CWIQ), 2007",Yes,2014/15,,2014,2001,CV,CV,Cabo Verde,Cabo Verde
KHM,Kingdom of Cambodia,Low income,East Asia & Pacific,IDA,,Cambodian riel,2008,"Demographic and Health Survey, 2014",2000,,Country uses the 1993 System of National Accounts methodology.,Value added at basic prices (VAB),,2011,"IMF Balance of Payments Manual, 6th edition.",Actual,General trade system,Budgetary central government,General Data Dissemination System (GDDS),"Integrated household survey (IHS), 2012",,2013,2000,2013,2006,KH,KH,Cambodia,Cambodia
CMR,Republic of Cameroon,Lower middle income,Sub-Saharan Africa,Blend,HIPC,Central African CFA franc,2005,"Multiple Indicator Cluster Survey, 2014",2000,,Country uses the 1993 System of National Accounts methodology.,Value added at basic prices (VAB),,2011,"IMF Balance of Payments Manual, 6th edition.",Actual,Special trade system,Budgetary central government,General Data Dissemination System (GDDS),"Priority survey (PS), 2007",,"2013. Natural Resources Census, Livestock Census, Livestock and Aquaculture Census or Sample Agricultural Census.",2002,2014,2000,CM,CM,Cameroon,Cameroon
CAN,Canada,High income: OECD,North America,,,Canadian dollar,2011,,Original chained constant price data are rescaled.,2010,Country uses the 2008 System of National Accounts methodology.,Value added at basic prices (VAB),,2011,"IMF Balance of Payments Manual, 6th edition.",,General trade system,Consolidated central government,Special Data Dissemination Standard (SDDS),"Labor force survey (LFS), 2010",Yes,2011,2012,2014,2009,CA,CA,Canada,Canada
CYM,Cayman Islands,High income: nonOECD,Latin America & Caribbean,,,Cayman Islands dollar,2010,,2007,,Country uses the 1993 System of National Accounts methodology.,,,2011,,,,,,,Yes,,,2013,,KY,KY,Cayman Islands,Cayman Islands
CAF,Central African Republic,Low income,Sub-Saharan Africa,IDA,HIPC,Central African CFA franc,2003,"Multiple Indicator Cluster Survey, 2010",2000,,Country uses the 1968 System of National Accounts methodology.,Value added at basic prices (VAB),,2011,"IMF Balance of Payments Manual, 6th edition.",Actual,Special trade system,Budgetary central government,General Data Dissemination System (GDDS),"Priority survey (PS), 2008",,,,2014,2005,CF,CF,Central African Republic,Central African Republic
TCD,Republic of Chad,Low income,Sub-Saharan Africa,IDA,HIPC,Central African CFA franc,2009,"Demographic and Health Survey, 2014/15",2005,,Country uses the 1993 System of National Accounts methodology.,Value added at basic prices (VAB),,2011,"IMF Balance of Payments Manual, 6th edition.",Estimate,,,General Data Dissemination System (GDDS),"Priority survey (PS), 2011",,,,1995,2005,TD,TD,Chad,Chad
CHI,Channel Islands,High income: nonOECD,Europe & Central Asia,,,Pound sterling,Guernsey: 2009; Jersey: 2011.,,2003,2007,Country uses the 1968 System of National Accounts methodology.,Value added at basic prices (VAB),,,,,,,,,Yes. Vital registration for Guernsey and Jersey.,,,,,,JG,Channel Islands,Channel Islands
CHL,Republic of Chile,High income: OECD,Latin America & Caribbean,IBRD,,Chilean peso,2012,,2008,,Country uses the 1993 System of National Accounts methodology.,Value added at basic prices (VAB),,2011,"IMF Balance of Payments Manual, 6th edition.",,General trade system,Consolidated central government,Special Data Dissemination Standard (SDDS),"Integrated household survey (IHS), 2013",Yes,2007,,2014,2006,CL,CL,Chile,Chile
COL,Republic of Colombia,Upper middle income,Latin America & Caribbean,IBRD,,Colombian peso,2006,"Demographic and Health Survey, 2015",2005,,Country uses the 1993 System of National Accounts methodology.,Value added at basic prices (VAB),1992–94,2011,"IMF Balance of Payments Manual, 6th edition.",Actual,Special trade system,Consolidated central government,Special Data Dissemination Standard (SDDS),"Integrated household survey (IHS), 2014",,2014/15,2012,2014,2008,CO,CO,Colombia,Colombia
COM,Union of the Comoros,Low income,Sub-Saharan Africa,IDA,HIPC,Comorian franc,2003,"Demographic and Health Survey, 2012",1990,,Country uses the 1968 System of National Accounts methodology.,Value added at producer prices (VAP),,2011,"IMF Balance of Payments Manual, 6th edition.",Actual,,,General Data Dissemination System (GDDS),"Integrated household survey (IHS), 2004",,,,2013,1999,KM,KM,Comoros,Comoros
ZAR,Democratic Republic of the Congo,Low income,Sub-Saharan Africa,IDA,HIPC,Congolese franc,1984,"Demographic and Health Survey, 2013/14",2005,,Country uses the 1968 System of National Accounts methodology.,Value added at basic prices (VAB),1999–2001,2011,"IMF Balance of Payments Manual, 6th edition.",Preliminary,Special trade system,Budgetary central government,General Data Dissemination System (GDDS),"1-2-3 survey (1-2-3), 2012/13",,,,,2005,CD,ZR,"Congo, Dem. Rep.",Dem. Rep. Congo
COG,Republic of Congo,Lower middle income,Sub-Saharan Africa,Blend,HIPC,Central African CFA franc,2007,Multiple Indicator Cluster Survey 2014/15,1990,,Country uses the 1968 System of National Accounts methodology.,Value added at producer prices (VAP),1993,2011,"IMF Balance of Payments Manual, 6th edition.",Actual,Special trade system,Budgetary central government,General Data Dissemination System (GDDS),"Core Welfare Indicator Questionnaire Survey (CWIQ)/Priority survey (PS), 2011",,2014/15,2009,2014,2002,CG,CG,"Congo, Rep.",Congo
CRI,Republic of Costa Rica,Upper middle income,Latin America & Caribbean,IBRD,,Costa Rican colon,2011,"Multiple Indicator Cluster Survey, 2011",1991,,Country uses the 1993 System of National Accounts methodology.,Value added at basic prices (VAB),,2011,"IMF Balance of Payments Manual, 6th edition.",Actual,General trade system,Consolidated central government,Special Data Dissemination Standard (SDDS),"Integrated household survey (IHS), 2015",Yes,2014,2012,2013,2013,CR,CR,Costa Rica,Costa Rica
CIV,Republic of Côte d'Ivoire,Lower middle income,Sub-Saharan Africa,IDA,HIPC,West African CFA franc,2014,"Demographic and Health Survey, 2011/12",2009,,Country uses the 1968 System of National Accounts methodology.,Value added at producer prices (VAP),,2011,"IMF Balance of Payments Manual, 6th edition.",Actual,Special trade system,Budgetary central government,General Data Dissemination System (GDDS),"Integrated household survey (IHS), 2015",,2014/15,,2014,2005,CI,CI,Côte d'Ivoire,Côte d'Ivoire
HRV,Republic of Croatia,High income: nonOECD,Europe & Central Asia,IBRD,,Croatian kuna,2011,"World Health Survey, 2003",Original chained constant price data are rescaled.,2010,Country uses the 1993 System of National Accounts methodology.,Value added at basic prices (VAB),,Rolling,"IMF Balance of Payments Manual, 6th edition.",,Special trade system,Consolidated central government,Special Data Dissemination Standard (SDDS),"Integrated household survey (IHS), 2012",Yes,"2010. Natural Resources Census, Livestock Census, Livestock and Aquaculture Census or Sample Agricultural Census.",,2014,2010,HR,HR,Croatia,Croatia
CUB,Republic of Cuba,Upper middle income,Latin America & Caribbean,,,Cuban peso,2012,"Multiple Indicator Cluster Survey, 2014",1997,2005,Country uses the 1993 System of National Accounts methodology.,Value added at basic prices (VAB),,2011,,,,,,,Yes,,,2006,2013,CU,CU,Cuba,Cuba
CUW,Curaçao,High income: nonOECD,Latin America & Caribbean,,,Netherlands Antillean guilder,2011,,,,Country uses the 1993 System of National Accounts methodology.,,,2011,,,,,,,Yes,,,,,CW,CW,Curaçao,Curaçao
CYP,Republic of Cyprus,High income: nonOECD,Europe & Central Asia,,Euro area,Euro,2011,,Original chained constant price data are rescaled.,2005,Country uses the 1993 System of National Accounts methodology.,Value added at basic prices (VAB),,Rolling,"IMF Balance of Payments Manual, 6th edition.",,General trade system,Consolidated central government,Special Data Dissemination Standard (SDDS),,Yes,2010,2012,2014,2009,CY,CY,Cyprus,Cyprus
CZE,Czech Republic,High income: OECD,Europe & Central Asia,,,Czech koruna,"2011. Population data compiled from administrative registers in combination with other sources of data, such as a sample surveys.","World Health Survey, 2003",Original chained constant price data are rescaled.,2010,Country uses the 2008 System of National Accounts methodology.,Value added at basic prices (VAB),,Rolling,"IMF Balance of Payments Manual, 6th edition.",,Special trade system,Consolidated central government,Special Data Dissemination Standard (SDDS),"Integrated household survey (IHS), 2012",Yes,2010,2012,2014,2012,CZ,CZ,Czech Republic,Czech Republic
DNK,Kingdom of Denmark,High income: OECD,Europe & Central Asia,,,Danish krone,2011. Population data compiled from administrative registers.,,Original chained constant price data are rescaled.,2010,Country uses the 2008 System of National Accounts methodology.,Value added at basic prices (VAB),,Rolling,"IMF Balance of Payments Manual, 6th edition.",,General trade system,Consolidated central government,Special Data Dissemination Standard (SDDS),"Income tax registers (ITR), 2012",Yes,2010,2012,2014,2012,DK,DK,Denmark,Denmark
DJI,Republic of Djibouti,Lower middle income,Middle East & North Africa,IDA,,Djibouti franc,2009,"Multiple Indicator Cluster Survey, 2006",1990,,Country uses the 1968 System of National Accounts methodology.,Value added at basic prices (VAB),,2011,"IMF Balance of Payments Manual, 6th edition.",Actual,,,General Data Dissemination System (GDDS),"Priority survey (PS), 2012",,"2015. Natural Resources Census, Livestock Census, Livestock and Aquaculture Census or Sample Agricultural Census.",,2009,2000,DJ,DJ,Djibouti,Djibouti
DMA,Commonwealth of Dominica,Upper middle income,Latin America & Caribbean,Blend,,East Caribbean dollar,2011,,2006,,Country uses the 1993 System of National Accounts methodology.,Value added at basic prices (VAB),,2011,"IMF Balance of Payments Manual, 6th edition.",Actual,Special trade system,Budgetary central government,General Data Dissemination System (GDDS),,Yes,2015,,2012,2010,DM,DM,Dominica,Dominica
DOM,Dominican Republic,Upper middle income,Latin America & Caribbean,IBRD,,Dominican peso,2010,"Multiple Indicator Cluster Survey, 2014",2007,,Country uses the 1993 System of National Accounts methodology.,Value added at basic prices (VAB),,2011,"IMF Balance of Payments Manual, 6th edition.",Actual,General trade system,Consolidated central government,General Data Dissemination System (GDDS),"Integrated household survey (IHS), 2013",,,,2014,2010,DO,DO,Dominican Republic,Dominican Republic
ECU,Republic of Ecuador,Upper middle income,Latin America & Caribbean,IBRD,,U.S. dollar,2010,"Reproductive Health Survey, 2004",2007,,Country uses the 2008 System of National Accounts methodology.,Value added at basic prices (VAB),,2011,"IMF Balance of Payments Manual, 6th edition.",Actual,Special trade system,Budgetary central government,Special Data Dissemination Standard (SDDS),"Integrated household survey (IHS), 2014",,,2008,2014,2005,EC,EC,Ecuador,Ecuador
EGY,Arab Republic of Egypt,Lower middle income,Middle East & North Africa,IBRD,,Egyptian pound,2006,"Health Issues Survey, 2015",2011/12,,Country uses the 1993 System of National Accounts methodology.,Value added at basic prices (VAB),,2011,"IMF Balance of Payments Manual, 6th edition.",Actual,General trade system,Consolidated central government,Special Data Dissemination Standard (SDDS),"Expenditure survey/budget survey (ES/BS), 2010/11",Yes,2009/10,2010,2014,2000,EG,EG,"Egypt, Arab Rep.",Egypt
SLV,Republic of El Salvador,Lower middle income,Latin America & Caribbean,IBRD,,U.S. dollar,2007,"Multiple Indicator Cluster Survey, 2014",1990,,Country uses the 1968 System of National Accounts methodology.,Value added at basic prices (VAB),,2011,"IMF Balance of Payments Manual, 6th edition.",Actual,General trade system,Consolidated central government,Special Data Dissemination Standard (SDDS),"Integrated household survey (IHS), 2014",Yes,2007/08,,2014,2005,SV,SV,El Salvador,El Salvador
GNQ,Republic of Equatorial Guinea,High income: nonOECD,Sub-Saharan Africa,IBRD,,Central African CFA franc,2002,"Demographic and Health Survey, 2011",2006,,Country uses the 1968 System of National Accounts methodology.,Value added at basic prices (VAB),1965–84,2011,,,,Budgetary central government,,"Priority survey (PS), 2006",,2015,,,2000,GQ,GQ,Equatorial Guinea,Equatorial Guinea
ERI,State of Eritrea,Low income,Sub-Saharan Africa,IDA,HIPC,Eritrean nakfa,1984,"Demographic and Health Survey, 2002",2000,,Country uses the 1968 System of National Accounts methodology.,Value added at basic prices (VAB),,,"IMF Balance of Payments Manual, 6th edition.",Estimate,,,,"Priority survey (PS), 1993",,,2012,2003,2004,ER,ER,Eritrea,Eritrea
EST,Republic of Estonia,High income: OECD,Europe & Central Asia,,Euro area,Euro,"2012. Population data compiled from administrative registers in combination with other sources of data, such as a sample surveys.","World Health Survey, 2003",Original chained constant price data are rescaled.,2010,Country uses the 2008 System of National Accounts methodology.,Value added at basic prices (VAB),1987–95,Rolling,"IMF Balance of Payments Manual, 6th edition.",,General trade system,Consolidated central government,Special Data Dissemination Standard (SDDS),"Integrated household survey (IHS), 2012",Yes,2010,2012,2014,2012,EE,EE,Estonia,Estonia
ETH,Federal Democratic Republic of Ethiopia,Low income,Sub-Saharan Africa,IDA,HIPC,Ethiopian birr,2007,"HIV/Maternal and Child Health Service Provision Assessment Survey, 2014",2010/11,,Country uses the 1993 System of National Accounts methodology.,Value added at basic prices (VAB),,2011,"IMF Balance of Payments Manual, 6th edition.",Actual,General trade system,Budgetary central government,General Data Dissemination System (GDDS),"Expenditure survey/budget survey (ES/BS), 2010/11",,,2009,2014,2002,ET,ET,Ethiopia,Ethiopia
FRO,Faroe Islands,High income: nonOECD,Europe & Central Asia,,,Danish krone,2011,,,,Country uses the 1993 System of National Accounts methodology.,Value added at basic prices (VAB),,,"IMF Balance of Payments Manual, 6th edition.",,,,,,Yes,,,2009,,FO,FO,Faroe Islands,Faroe Islands
FJI,Republic of Fiji,Upper middle income,East Asia & Pacific,IBRD,,Fijian dollar,2007,,2005,,Country uses the 1993 System of National Accounts methodology.,Value added at basic prices (VAB),,2011,"IMF Balance of Payments Manual, 6th edition.",Actual,General trade system,Budgetary central government,General Data Dissemination System (GDDS),"Expenditure survey/budget survey (ES/BS), 2008/09",Yes,2009,2011,2014,2000,FJ,FJ,Fiji,Fiji
FIN,Republic of Finland,High income: OECD,Europe & Central Asia,,Euro area,Euro,2010. Population data compiled from administrative registers.,,Original chained constant price data are rescaled.,2010,Country uses the 2008 System of National Accounts methodology.,Value added at basic prices (VAB),,Rolling,"IMF Balance of Payments Manual, 6th edition.",,Special trade system,Consolidated central government,Special Data Dissemination Standard (SDDS),"Integrated household survey (IHS), 2012",Yes,2010,2012,2014,2006,FI,FI,Finland,Finland
PYF,French Polynesia,High income: nonOECD,East Asia & Pacific,,,CFP franc,2007,,1990,,Country uses the 1993 System of National Accounts methodology.,,,2011 (household consumption only).,"IMF Balance of Payments Manual, 6th edition.",,Special trade system,,,,Yes,,,2014,,PF,PF,French Polynesia,French Polynesia
GAB,Gabonese Republic,Upper middle income,Sub-Saharan Africa,IBRD,,Central African CFA franc,2013,"Demographic and Health Survey, 2012",2001,,Country uses the 1993 System of National Accounts methodology.,Value added at basic prices (VAB),1993,2011,"IMF Balance of Payments Manual, 6th edition.",Estimate,,,General Data Dissemination System (GDDS),"Core Welfare Indicator Questionnaire Survey (CWIQ)/Integrated household survey (IHS), 2005",,,,2009,2005,GA,GA,Gabon,Gabon
GMB,Republic of The Gambia,Low income,Sub-Saharan Africa,IDA,HIPC,Gambian dalasi,2013,"Demographic and Health Survey, 2013",2004,,Country uses the 1993 System of National Accounts methodology.,Value added at producer prices (VAP),,2011,"IMF Balance of Payments Manual, 6th edition.",Actual,General trade system,Consolidated central government,General Data Dissemination System (GDDS),"Integrated household survey (IHS), 2010",,2011/12,2004,2014,2000,GM,GM,"Gambia, The",The Gambia
GEO,Georgia,Lower middle income,Europe & Central Asia,IBRD,,Georgian lari,2014,"Multiple Indicator Cluster Survey, 2005; Reproductive Health Survey, 2005",Original chained constant price data are rescaled.,1996,Country uses the 1993 System of National Accounts methodology.,Value added at basic prices (VAB),1990–95,2011,"IMF Balance of Payments Manual, 6th edition.",Actual,General trade system,Consolidated central government,Special Data Dissemination Standard (SDDS),"Integrated household survey (IHS), 2013",Yes,,2012,2014,2008,GE,GE,Georgia,Georgia
GHA,Republic of Ghana,Lower middle income,Sub-Saharan Africa,IDA,HIPC,New Ghanaian cedi,2010,"Demographic and Health Survey, 2014",2006,,Country uses the 1993 System of National Accounts methodology.,Value added at basic prices (VAB),1973–87,2011,"IMF Balance of Payments Manual, 6th edition.",Actual,General trade system,Budgetary central government,General Data Dissemination System (GDDS),"Living Standards Measurement Study Survey (LSMS), 2012",,,2003,2013,2000,GH,GH,Ghana,Ghana
GRC,Hellenic Republic,High income: OECD,Europe & Central Asia,,Euro area,Euro,2011,,Original chained constant price data are rescaled.,2010,Country uses the 2008 System of National Accounts methodology.,Value added at basic prices (VAB),,Rolling,"IMF Balance of Payments Manual, 6th edition.",,Special trade system,Consolidated central government,Special Data Dissemination Standard (SDDS),"Integrated household survey (IHS), 2012",Yes,2009,2012,2014,2007,GR,GR,Greece,Greece
GRL,Greenland,High income: nonOECD,Europe & Central Asia,,,Danish krone,2010. Population data compiled from administrative registers.,,1990,,Country uses the 1993 System of National Accounts methodology.,,,,,,General trade system,,,,Yes,,,2014,,GL,GL,Greenland,Greenland
GRD,Grenada,Upper middle income,Latin America & Caribbean,Blend,,East Caribbean dollar,2011,"Reproductive Health Survey, 1985",2006,,Country uses the 1968 System of National Accounts methodology.,Value added at basic prices (VAB),,2011,"IMF Balance of Payments Manual, 6th edition.",Actual,,Budgetary central government,General Data Dissemination System (GDDS),,Yes,2012,,2009,2014,GD,GD,Grenada,Grenada
GUM,Guam,High income: nonOECD,East Asia & Pacific,,,U.S. dollar,2010,,,,Country uses the 1993 System of National Accounts methodology.,,,2011 (household consumption only).,,,,,,,Yes,2007,,,,GU,GU,Guam,Guam
GTM,Republic of Guatemala,Lower middle income,Latin America & Caribbean,IBRD,,Guatemalan quetzal,2002,"Demographic and Health Survey, 2014/15",2001,,Country uses the 1993 System of National Accounts methodology.,Value added at basic prices (VAB),,2011,"IMF Balance of Payments Manual, 6th edition.",Actual,General trade system,Budgetary central government,General Data Dissemination System (GDDS),"Living Standards Measurement Study Survey (LSMS), 2011",Yes,2013,,2014,2006,GT,GT,Guatemala,Guatemala
GIN,Republic of Guinea,Low income,Sub-Saharan Africa,IDA,HIPC,Guinean franc,2014,"Demographic and Health Survey, 2012",2003,,Country uses the 1993 System of National Accounts methodology.,Value added at basic prices (VAB),,2011,"IMF Balance of Payments Manual, 6th edition.",Actual,,Budgetary central government,General Data Dissemination System (GDDS),"Core Welfare Indicator Questionnaire Survey (CWIQ), 2012",,,,2014,2001,GN,GN,Guinea,Guinea
GNB,Republic of Guinea-Bissau,Low income,Sub-Saharan Africa,IDA,HIPC,West African CFA franc,2009,"Multiple Indicator Cluster Survey, 2014",2005,,Country uses the 1993 System of National Accounts methodology.,Value added at basic prices (VAB),,2011,"IMF Balance of Payments Manual, 6th edition.",Estimate,,,General Data Dissemination System (GDDS),"Core Welfare Indicator Questionnaire Survey (CWIQ), 2010",,,,2005,2000,GW,GW,Guinea-Bissau,Guinea-Bissau
GUY,Co-operative Republic of Guyana,Lower middle income,Latin America & Caribbean,IDA,HIPC,Guyana dollar,2012,"Multiple Indicator Cluster Survey, 2014",2006,,Country uses the 1993 System of National Accounts methodology.,Value added at basic prices (VAB),,,"IMF Balance of Payments Manual, 6th edition.",Actual,Special trade system,,General Data Dissemination System (GDDS),"Integrated household survey (IHS), 1998",,,,2014,2010,GY,GY,Guyana,Guyana
HTI,Republic of Haiti,Low income,Latin America & Caribbean,IDA,HIPC,Haitian gourde,2003,"HIV/Maternal and Child Health Service Provision Assessment Survey, 2013",1986/87,,Country uses the 1968 System of National Accounts methodology.,Value added at basic prices (VAB),1991,2011,"IMF Balance of Payments Manual, 6th edition.",Actual,,,General Data Dissemination System (GDDS),"Integrated household survey (IHS), 2012",,2008/09,,1997,2009,HT,HT,Haiti,Haiti
HND,Republic of Honduras,Lower middle income,Latin America & Caribbean,IDA,HIPC,Honduran lempira,2013,"Demographic and Health Survey, 2011/12",2000,,Country uses the 1993 System of National Accounts methodology.,Value added at basic prices (VAB),1988–89,2011,"IMF Balance of Payments Manual, 6th edition.",Actual,Special trade system,Consolidated central government,General Data Dissemination System (GDDS),"Integrated household survey (IHS), 2014",,,,2014,2003,HN,HN,Honduras,Honduras
HKG,Hong Kong Special Administrative Region of the People's Republic of China,High income: nonOECD,East Asia & Pacific,,,Hong Kong dollar,2011,,Original chained constant price data are rescaled.,2013,Country uses the 2008 System of National Accounts methodology.,Value added at basic prices (VAB),,2011,"IMF Balance of Payments Manual, 6th edition.",,General trade system,Consolidated central government,Special Data Dissemination Standard (SDDS),,Yes,,2012,2014,,HK,HK,"Hong Kong SAR, China","Hong Kong SAR, China"
HUN,Hungary,High income: OECD,Europe & Central Asia,,,Hungarian forint,2011,"World Health Survey, 2003",Original chained constant price data are rescaled.,2010,Country uses the 2008 System of National Accounts methodology.,Value added at basic prices (VAB),,Rolling,"IMF Balance of Payments Manual, 6th edition.",,Special trade system,Consolidated central government,Special Data Dissemination Standard (SDDS),"Integrated household survey (IHS), 2012",Yes,2010,2012,2014,2012,HU,HU,Hungary,Hungary
ISL,Republic of Iceland,High income: OECD,Europe & Central Asia,,,Iceland krona,"2011. Population data compiled from administrative registers in combination with other sources of data, such as a sample surveys.",,Original chained constant price data are rescaled.,2010,Country uses the 2008 System of National Accounts methodology.,Value added at basic prices (VAB),,Rolling,"IMF Balance of Payments Manual, 6th edition.",,Special trade system,Consolidated central government,Special Data Dissemination Standard (SDDS),"Integrated household survey (IHS), 2012",Yes,2010,2005,2014,2005,IS,IS,Iceland,Iceland
IRN,Islamic Republic of Iran,Upper middle income,Middle East & North Africa,IBRD,,Iranian rial,2011,"Iran’s Multiple Indicator Demographic and Health Survey, 2010",2004/05,,Country uses the 1993 System of National Accounts methodology.,Value added at basic prices (VAB),1980–2002,2011,"IMF Balance of Payments Manual, 6th edition.",Actual,Special trade system,Consolidated central government,General Data Dissemination System (GDDS),"Expenditure survey/budget survey (ES/BS), 2005",Yes,2014,2011,2011,2004,IR,IR,"Iran, Islamic Rep.",Iran
IRQ,Republic of Iraq,Upper middle income,Middle East & North Africa,IBRD,,Iraqi dinar,1997,"Living Standards Measurement Study, 2012",2007,,Country uses the 1968 System of National Accounts methodology.,Value added at producer prices (VAP),"1997, 2004",2011,"IMF Balance of Payments Manual, 6th edition.",,,Budgetary central government,General Data Dissemination System (GDDS),"Integrated household survey (IHS), 2012",,2011/12,2011,2013,2000,IQ,IQ,Iraq,Iraq
IRL,Ireland,High income: OECD,Europe & Central Asia,,Euro area,Euro,2011,,Original chained constant price data are rescaled.,2010,Country uses the 2008 System of National Accounts methodology.,Value added at basic prices (VAB),,Rolling,"IMF Balance of Payments Manual, 6th edition.",,General trade system,Consolidated central government,Special Data Dissemination Standard (SDDS),"Integrated household survey (IHS), 2012",Yes,2010,2011,2014,2009,IE,IE,Ireland,Ireland
IMY,Isle of Man,High income: nonOECD,Europe & Central Asia,,,Pound sterling,2011,,2003,,Country uses the 1968 System of National Accounts methodology.,,,,,,,,,,Yes,,,,,IM,IM,Isle of Man,Isle of Man
ISR,State of Israel,High income: OECD,Middle East & North Africa,,,Israeli new shekel,"2009. Population data compiled from administrative registers in combination with other sources of data, such as a sample surveys.",,Original chained constant price data are rescaled.,2010,Country uses the 2008 System of National Accounts methodology.,Value added at producer prices (VAP),,2011,"IMF Balance of Payments Manual, 6th edition.",,Special trade system,Consolidated central government,Special Data Dissemination Standard (SDDS),"Expenditure survey/budget survey (ES/BS), 2010",Yes,,2011,2014,2004,IL,IL,Israel,Israel
JAM,Jamaica,Upper middle income,Latin America & Caribbean,IBRD,,Jamaican dollar,2011,"Multiple Indicator Cluster Survey, 2011",2007,,Country uses the 1993 System of National Accounts methodology.,Value added at basic prices (VAB),,2011,"IMF Balance of Payments Manual, 6th edition.",Actual,Special trade system,Consolidated central government,General Data Dissemination System (GDDS),"Living Standards Measurement Study Survey (LSMS), 2004",,2007,,2014,2007,JM,JM,Jamaica,Jamaica
JOR,Hashemite Kingdom of Jordan,Upper middle income,Middle East & North Africa,IBRD,,Jordanian dinar,2004,"Demographic and Health Survey, 2012",1994,,Country uses the 1968 System of National Accounts methodology.,Value added at basic prices (VAB),,2011,"IMF Balance of Payments Manual, 6th edition.",Actual,Special trade system,Budgetary central government,Special Data Dissemination Standard (SDDS),"Expenditure survey/budget survey (ES/BS), 2010",,2007,2012,2014,2005,JO,JO,Jordan,Jordan
KAZ,Republic of Kazakhstan,Upper middle income,Europe & Central Asia,IBRD,,Kazakh tenge,2009,"Multiple Indicator Cluster Survey, 2015",Original chained constant price data are rescaled.,2005,Country uses the 1993 System of National Accounts methodology.,Value added at basic prices (VAB),1987–95,2011,"IMF Balance of Payments Manual, 6th edition.",Actual,General trade system,Consolidated central government,Special Data Dissemination Standard (SDDS),"Expenditure survey/budget survey (ES/BS), 2013",Yes,2006/07,,2014,2010,KZ,KZ,Kazakhstan,Kazakhstan
KEN,Republic of Kenya,Lower middle income,Sub-Saharan Africa,IDA,,Kenyan shilling,2009,"Demographic and Health Survey, 2014",2009,,Country uses the 2008 System of National Accounts methodology.,Value added at basic prices (VAB),,2011,"IMF Balance of Payments Manual, 6th edition.",Actual,General trade system,Budgetary central government,General Data Dissemination System (GDDS),"Integrated household survey (IHS), 2005/06",,,2012,2013,2010,KE,KE,Kenya,Kenya
KIR,Republic of Kiribati,Lower middle income,East Asia & Pacific,IDA,,Australian dollar,2010,"Kiribati Demographic and Health Survey, 2009",2006,,Country uses the 1993 System of National Accounts methodology.,Value added at basic prices (VAB),,2011 (household consumption only).,"IMF Balance of Payments Manual, 6th edition.",,Special trade system,Consolidated central government,General Data Dissemination System (GDDS),,,,,2013,,KI,KI,Kiribati,Kiribati
PRK,Democratic People's Republic of Korea,Low income,East Asia & Pacific,,,Democratic People's Republic of Korean won,2008,"Multiple Indicator Cluster Survey, 2009",,,Country uses the 1968 System of National Accounts methodology.,,,,"IMF Balance of Payments Manual, 6th edition.",,,,,,,,,,2005,KP,KP,"Korea, Dem. People's Rep.",Dem. People's Rep. Korea
KSV,Republic of Kosovo,Lower middle income,Europe & Central Asia,IDA,,Euro,2011,"Multiple Indicator Cluster Survey, 2013/14",2008,,Country uses the 1993 System of National Accounts methodology.,Value added at basic prices (VAB),,,"IMF Balance of Payments Manual, 6th edition.",Actual,,,General Data Dissemination System (GDDS),"Integrated household survey (IHS), 2011",,2014,,,,,XK,Kosovo,Kosovo
KWT,State of Kuwait,High income: nonOECD,Middle East & North Africa,,,Kuwaiti dinar,2011,"Family Health Survey, 1996",2010,,Country uses the 1993 System of National Accounts methodology.,Value added at basic prices (VAB),,2011,"IMF Balance of Payments Manual, 6th edition.",,Special trade system,Consolidated central government,General Data Dissemination System (GDDS),,Yes,,2012,2014,2002,KW,KW,Kuwait,Kuwait
KGZ,Kyrgyz Republic,Lower middle income,Europe & Central Asia,IDA,HIPC,Kyrgyz som,2009,"Multiple Indicator Cluster Survey, 2014",Original chained constant price data are rescaled.,1995,Country uses the 1993 System of National Accounts methodology.,Value added at basic prices (VAB),1990–95,2011,"IMF Balance of Payments Manual, 6th edition.",Actual,General trade system,Budgetary central government,Special Data Dissemination Standard (SDDS),"Expenditure survey/budget survey (ES/BS), 2014",Yes,,2010,2013,2006,KG,KG,Kyrgyz Republic,Kyrgyz Republic
LAO,Lao People's Democratic Republic,Lower middle income,East Asia & Pacific,IDA,,Lao kip,2005,"Multiple Indicator Cluster Survey/Demographic and Health Survey, 2011/12",2002,,Country uses the 1993 System of National Accounts methodology.,Value added at basic prices (VAB),,2011,"IMF Balance of Payments Manual, 6th edition.",Actual,,Budgetary central government,,"Expenditure survey/budget survey (ES/BS), 2012",,2010/11,,,2005,LA,LA,Lao PDR,Lao PDR
LVA,Republic of Latvia,High income: nonOECD,Europe & Central Asia,,Euro area,Euro,"2011. Population data compiled from administrative registers in combination with other sources of data, such as a sample surveys.","World Health Survey, 2003",Original chained constant price data are rescaled.,2010,Country uses the 2008 System of National Accounts methodology.,Value added at basic prices (VAB),1987–95,Rolling,"IMF Balance of Payments Manual, 6th edition.",,Special trade system,Consolidated central government,Special Data Dissemination Standard (SDDS),"Integrated household survey (IHS), 2012",Yes,2010,2012,2014,2002,LV,LV,Latvia,Latvia
LBN,Lebanese Republic,Upper middle income,Middle East & North Africa,IBRD,,Lebanese pound,1943,"Family Health Survey, 2004",1997,,Country uses the 1993 System of National Accounts methodology.,Value added at basic prices (VAB),,2011,"IMF Balance of Payments Manual, 6th edition.",Actual,Special trade system,Budgetary central government,General Data Dissemination System (GDDS),,Yes,2010,2007,2014,2005,LB,LB,Lebanon,Lebanon
LSO,Kingdom of Lesotho,Lower middle income,Sub-Saharan Africa,IDA,,Lesotho loti,2006,"Demographic and Health Survey, 2014",2004,,Country uses the 1993 System of National Accounts methodology.,Value added at basic prices (VAB),,2011,"IMF Balance of Payments Manual, 6th edition.",Actual,General trade system,Budgetary central government,General Data Dissemination System (GDDS),"Expenditure survey/budget survey (ES/BS), 2010",,2010,,2012,2000,LS,LS,Lesotho,Lesotho
LBR,Republic of Liberia,Low income,Sub-Saharan Africa,IDA,HIPC,U.S. dollar,2008,"Demographic and Health Survey, 2013",2000,,Country uses the 1968 System of National Accounts methodology.,Value added at producer prices (VAP),,2011,"IMF Balance of Payments Manual, 6th edition.",Actual,,Consolidated central government,General Data Dissemination System (GDDS),"Core Welfare Indicator Questionnaire Survey (CWIQ), 2007",,,,,2000,LR,LR,Liberia,Liberia
LBY,Socialist People's Libyan Arab Jamahiriya,Upper middle income,Middle East & North Africa,IBRD,,Libyan dinar,2006,"Family Health Survey, 2007",2003,,Country uses the 1993 System of National Accounts methodology.,Value added at basic prices (VAB),1986,,"IMF Balance of Payments Manual, 6th edition.",,General trade system,,General Data Dissemination System (GDDS),,,2014/15,,2010,2000,LY,LY,Libya,Libya
LIE,Principality of Liechtenstein,High income: nonOECD,Europe & Central Asia,,,Swiss franc,"2010. Population data compiled from administrative registers in combination with other sources of data, such as a sample surveys.",,1990,,Country uses the 1993 System of National Accounts methodology.,Value added at basic prices (VAB),,,,,,,,,Yes,,,,,LI,LI,Liechtenstein,Liechtenstein
LTU,Republic of Lithuania,High income: nonOECD,Europe & Central Asia,,Euro area,Euro,"2011. Population data compiled from administrative registers in combination with other sources of data, such as a sample surveys.",,Original chained constant price data are rescaled.,2010,Country uses the 2008 System of National Accounts methodology.,Value added at basic prices (VAB),1990–95,Rolling,"IMF Balance of Payments Manual, 6th edition.",,Special trade system,Consolidated central government,Special Data Dissemination Standard (SDDS),"Expenditure survey/budget survey (ES/BS), 2012",Yes,2010,2012,2014,2007,LT,LT,Lithuania,Lithuania
LUX,Grand Duchy of Luxembourg,High income: OECD,Europe & Central Asia,,Euro area,Euro,2011,,Original chained constant price data are rescaled.,2010,Country uses the 2008 System of National Accounts methodology.,Value added at basic prices (VAB),,Rolling,"IMF Balance of Payments Manual, 6th edition.",,Special trade system,Consolidated central government,Special Data Dissemination Standard (SDDS),,Yes,2010,2011,2014,2012,LU,LU,Luxembourg,Luxembourg
MAC,Macao Special Administrative Region of the People's Republic of China,High income: nonOECD,East Asia & Pacific,,,Macao pataca,2011,,2012,,Country uses the 1993 System of National Accounts methodology.,Value added at basic prices (VAB),,2011,"IMF Balance of Payments Manual, 6th edition.",,General trade system,Consolidated central government,General Data Dissemination System (GDDS),,Yes,,2012,2014,,MO,MO,"Macao SAR, China","Macao SAR, China"
MKD,Former Yugoslav Republic of Macedonia,Upper middle income,Europe & Central Asia,IBRD,,Macedonian denar,2002,"Multiple Indicator Cluster Survey, 2011",2005,,Country uses the 1993 System of National Accounts methodology.,Value added at basic prices (VAB),,Rolling,"IMF Balance of Payments Manual, 6th edition.",Actual,Special trade system,Consolidated central government,Special Data Dissemination Standard (SDDS),"Expenditure survey/budget survey (ES/BS), 2010",Yes,2007,2010,2014,2007,MK,MK,"Macedonia, FYR",Macedonia
MDG,Republic of Madagascar,Low income,Sub-Saharan Africa,IDA,HIPC,Malagasy ariary,1993,"Malaria Indicator Survey, 2013",1984,,Country uses the 1968 System of National Accounts methodology.,Value added at basic prices (VAB),,2011,"IMF Balance of Payments Manual, 6th edition.",Actual,General trade system,Consolidated central government,General Data Dissemination System (GDDS),"Priority survey (PS), 2010",,,2006,2014,2000,MG,MG,Madagascar,Madagascar
MWI,Republic of Malawi,Low income,Sub-Saharan Africa,IDA,HIPC,Malawi kwacha,2008,"Demographic and Health Survey, 2015/16",2009,,Country uses the 1993 System of National Accounts methodology.,Value added at basic prices (VAB),,2011,"IMF Balance of Payments Manual, 6th edition.",Actual,General trade system,Budgetary central government,General Data Dissemination System (GDDS),"Integrated household survey (IHS), 2010/11",,2006/07,2010,2014,2005,MW,MW,Malawi,Malawi
MYS,Malaysia,Upper middle income,East Asia & Pacific,IBRD,,Malaysian ringgit,2010,"World Health Survey, 2003",2010,,Country uses the 1993 System of National Accounts methodology.,Value added at producer prices (VAP),,2011,"IMF Balance of Payments Manual, 6th edition.",Estimate,General trade system,Budgetary central government,Special Data Dissemination Standard (SDDS),"Income survey (IS), 2014",Yes,2015,2012,2014,2005,MY,MY,Malaysia,Malaysia
MDV,Republic of Maldives,Upper middle income,South Asia,IDA,,Maldivian rufiyaa,2014,"Demographic and Health Survey, 2009",2003,,Country uses the 1993 System of National Accounts methodology.,Value added at basic prices (VAB),,2011,"IMF Balance of Payments Manual, 6th edition.",Actual,General trade system,Consolidated central government,General Data Dissemination System (GDDS),"Integrated household survey (IHS), 2009/10",Yes,,,2014,2008,MV,MV,Maldives,Maldives
MLI,Republic of Mali,Low income,Sub-Saharan Africa,IDA,HIPC,West African CFA franc,2009,"Multiple Indicator Cluster Survey, 2015; Malaria Indicator Survey, 2015",1987,,Country uses the 1968 System of National Accounts methodology.,Value added at basic prices (VAB),,2011,"IMF Balance of Payments Manual, 6th edition.",Actual,General trade system,Budgetary central government,General Data Dissemination System (GDDS),"Integrated household survey (IHS), 2009/10",,,,2012,2006,ML,ML,Mali,Mali
MLT,Republic of Malta,High income: nonOECD,Middle East & North Africa,,Euro area,Euro,2011,,Original chained constant price data are rescaled.,2005,Country uses the 1993 System of National Accounts methodology.,Value added at basic prices (VAB),,Rolling,"IMF Balance of Payments Manual, 6th edition.",,General trade system,Consolidated central government,Special Data Dissemination Standard (SDDS),,Yes,2010,2010,2014,2002,MT,MT,Malta,Malta
MHL,Republic of the Marshall Islands,Upper middle income,East Asia & Pacific,IDA,,U.S. dollar,2011,"Republic of the Marshall Islands Demographic and Health Survey, 2007",2003/04,,Country uses the 1968 System of National Accounts methodology.,Value added at basic prices (VAB),,2011 (household consumption only).,,,,Budgetary central government,General Data Dissemination System (GDDS),"Integrated household survey (IHS), 1999",,,,,,MH,MH,Marshall Islands,Marshall Islands
MRT,Islamic Republic of Mauritania,Lower middle income,Sub-Saharan Africa,IDA,HIPC,Mauritanian ouguiya,2013,"Multiple Indicator Cluster Survey, 2015",2004,,Country uses the 1993 System of National Accounts methodology.,Value added at basic prices (VAB),,2011,"IMF Balance of Payments Manual, 6th edition.",Actual,General trade system,,General Data Dissemination System (GDDS),"Integrated household survey (IHS), 2008",,,,2014,2005,MR,MR,Mauritania,Mauritania
MUS,Republic of Mauritius,Upper middle income,Sub-Saharan Africa,IBRD,,Mauritian rupee,2011,"World Health Survey, 2003",2006,,Country uses the 1993 System of National Accounts methodology.,Value added at basic prices (VAB),,2011,"IMF Balance of Payments Manual, 6th edition.",Actual,General trade system,Consolidated central government,Special Data Dissemination Standard (SDDS),"Integrated household survey (IHS), 2012",Yes,2014,2012,2014,2003,MU,MU,Mauritius,Mauritius
FSM,Federated States of Micronesia,Lower middle income,East Asia & Pacific,IDA,,U.S. dollar,2010,,2003/04,,Country uses the 1993 System of National Accounts methodology.,Value added at basic prices (VAB),,2011 (household consumption only).,"IMF Balance of Payments Manual, 6th edition.",,General trade system,Budgetary central government,General Data Dissemination System (GDDS),"Integrated household survey (IHS), 2000",,,,2013,,FM,FM,"Micronesia, Fed. Sts.",Micronesia
MDA,Republic of Moldova,Lower middle income,Europe & Central Asia,Blend,,Moldovan leu,2014,"Multiple Indicator Cluster Survey, 2012",Original chained constant price data are rescaled.,1996,Country uses the 1993 System of National Accounts methodology.,Value added at basic prices (VAB),1990–95,2011,"IMF Balance of Payments Manual, 6th edition.",Actual,General trade system,Consolidated central government,Special Data Dissemination Standard (SDDS),"Expenditure survey/budget survey (ES/BS), 2013",Yes,2011,2012,2014,2007,MD,MD,Moldova,Moldova
MCO,Principality of Monaco,High income: nonOECD,Europe & Central Asia,,,Euro,2008. Population data compiled from administrative registers.,,1990,,Country uses the 1993 System of National Accounts methodology.,,,,,,,,,,Yes,,,,2009,MC,MC,Monaco,Monaco
MNG,Mongolia,Upper middle income,East Asia & Pacific,Blend,,Mongolian tugrik,2010,"Multiple Indicator Cluster Survey, 2013/14",2010,,Country uses the 1993 System of National Accounts methodology.,Value added at basic prices (VAB),,2011,"IMF Balance of Payments Manual, 6th edition.",Actual,General trade system,Consolidated central government,General Data Dissemination System (GDDS),"Living Standards Measurement Study Survey (LSMS), 2014",Yes,2011,2011,2014,2009,MN,MN,Mongolia,Mongolia
MNE,Montenegro,Upper middle income,Europe & Central Asia,IBRD,,Euro,2011,"Multiple Indicator Cluster Survey, 2013",2000,,Country uses the 1993 System of National Accounts methodology.,Value added at basic prices (VAB),,Rolling,"IMF Balance of Payments Manual, 6th edition.",Actual,Special trade system,,General Data Dissemination System (GDDS),"Expenditure survey/budget survey (ES/BS), 2013",Yes,2010,,2014,2010,ME,ME,Montenegro,Montenegro
MAR,Kingdom of Morocco,Lower middle income,Middle East & North Africa,IBRD,,Moroccan dirham,2014,"National Survey on Population and Family Health, 2010/11",2007,,Country uses the 1993 System of National Accounts methodology.,Value added at basic prices (VAB),,2011,"IMF Balance of Payments Manual, 6th edition.",Actual,Special trade system,Consolidated central government,Special Data Dissemination Standard (SDDS),"Expenditure survey/budget survey (ES/BS), 2007",,,2012,2014,2010,MA,MA,Morocco,Morocco
MOZ,Republic of Mozambique,Low income,Sub-Saharan Africa,IDA,HIPC,New Mozambican metical,2007,"AIDS Indicator Survey, 2014",2009,,Country uses the 1993 System of National Accounts methodology.,Value added at basic prices (VAB),1992–95,2011,"IMF Balance of Payments Manual, 6th edition.",Actual,General trade system,Budgetary central government,General Data Dissemination System (GDDS),"Expenditure survey/budget survey (ES/BS), 2008/09",,2009/10,,2014,2001,MZ,MZ,Mozambique,Mozambique
MMR,Republic of the Union of Myanmar,Lower middle income,East Asia & Pacific,IDA,,Myanmar kyat,2014,"Demographic and Health Survey, 2015/16",2005/06,,Country uses the 1968 System of National Accounts methodology.,Value added at producer prices (VAP),,2011,"IMF Balance of Payments Manual, 6th edition.",Estimate,General trade system,Consolidated central government,General Data Dissemination System (GDDS),,,2010,,2010,2000,MM,MM,Myanmar,Myanmar
NAM,Republic of Namibia,Upper middle income,Sub-Saharan Africa,IBRD,,Namibian dollar,2011,"Demographic and Health Survey, 2013",2010,,Country uses the 1993 System of National Accounts methodology.,Value added at basic prices (VAB),,2011,"IMF Balance of Payments Manual, 6th edition.",,General trade system,Budgetary central government,General Data Dissemination System (GDDS),"Expenditure survey/budget survey (ES/BS), 2009/10",,2014/15,2012,2014,2002,NA,NA,Namibia,Namibia
NPL,Nepal,Low income,South Asia,IDA,,Nepalese rupee,2011,"Maternal and Child Health Service Provision Assessment Survey, 2015",2000/01,,Country uses the 1993 System of National Accounts methodology.,Value added at basic prices (VAB),,2011,"IMF Balance of Payments Manual, 6th edition.",Actual,Special trade system,Budgetary central government,General Data Dissemination System (GDDS),"Living Standards Measurement Study Survey (LSMS), 2010/11",,2011/12,2011,2014,2006,NP,NP,Nepal,Nepal
NCL,New Caledonia,High income: nonOECD,East Asia & Pacific,,,CFP franc,2009,,1990,,Country uses the 1993 System of National Accounts methodology.,,,2011 (household consumption only).,"IMF Balance of Payments Manual, 6th edition.",,General trade system,,,,Yes,,,2014,,NC,NC,New Caledonia,New Caledonia
NZL,New Zealand,High income: OECD,East Asia & Pacific,,,New Zealand dollar,2013,,Original chained constant price data are rescaled.,2010,Country uses the 2008 System of National Accounts methodology.,Value added at basic prices (VAB),,2011,"IMF Balance of Payments Manual, 6th edition.",,General trade system,Consolidated central government,,,Yes,2012,2010,2014,2010,NZ,NZ,New Zealand,New Zealand
NIC,Republic of Nicaragua,Lower middle income,Latin America & Caribbean,IDA,HIPC,Nicaraguan gold cordoba,2005,"Reproductive Health Survey, 2006/2007",2006,,Country uses the 1993 System of National Accounts methodology.,Value added at basic prices (VAB),1965–95,2011,"IMF Balance of Payments Manual, 6th edition.",Actual,General trade system,Budgetary central government,General Data Dissemination System (GDDS),"Living Standards Measurement Study Survey (LSMS), 2014",,2011,,2014,2011,NI,NI,Nicaragua,Nicaragua
NER,Republic of Niger,Low income,Sub-Saharan Africa,IDA,HIPC,West African CFA franc,2012,"Demographic and Health Survey, 2012",2006,,Country uses the 1993 System of National Accounts methodology.,Value added at producer prices (VAP),1993,2011,"IMF Balance of Payments Manual, 6th edition.",Actual,General trade system,Budgetary central government,General Data Dissemination System (GDDS),"Core Welfare Indicator Questionnaire Survey (CWIQ)/Priority survey (PS), 2011",,2004-08,2002,2014,2005,NE,NE,Niger,Niger
NGA,Federal Republic of Nigeria,Lower middle income,Sub-Saharan Africa,Blend,,Nigerian naira,2006,"Malaria Indicator Survey, 2015",2010,,Country uses the 2008 System of National Accounts methodology.,Value added at basic prices (VAB),1971–98,2011,"IMF Balance of Payments Manual, 6th edition.",Actual,General trade system,Budgetary central government,General Data Dissemination System (GDDS),"Integrated household survey (IHS), 2009/10",,2013,,2014,2005,NG,NG,Nigeria,Nigeria
MNP,Commonwealth of the Northern Mariana Islands,High income: nonOECD,East Asia & Pacific,,,U.S. dollar,2010,,,,Country uses the 1968 System of National Accounts methodology.,,,2011 (household consumption only).,,,,,,,,2007,,,,MP,MP,Northern Mariana Islands,Northern Mariana Islands
NOR,Kingdom of Norway,High income: OECD,Europe & Central Asia,,,Norwegian krone,2011. Population data compiled from administrative registers.,,Original chained constant price data are rescaled.,2010,Country uses the 2008 System of National Accounts methodology.,Value added at basic prices (VAB),,Rolling,"IMF Balance of Payments Manual, 6th edition.",,General trade system,Consolidated central government,Special Data Dissemination Standard (SDDS),"Income survey (IS), 2012",Yes,2010,2012,2014,2006,NO,NO,Norway,Norway
OMN,Sultanate of Oman,High income: nonOECD,Middle East & North Africa,,,Rial Omani,2010,"Multiple Indicator Cluster Survey, 2014",2010,,Country uses the 1993 System of National Accounts methodology.,Value added at producer prices (VAP),,2011,"IMF Balance of Payments Manual, 6th edition.",,General trade system,Budgetary central government,General Data Dissemination System (GDDS),,,2012/13,2012,2014,2003,OM,OM,Oman,Oman
PAK,Islamic Republic of Pakistan,Lower middle income,South Asia,Blend,,Pakistani rupee,1998,"Demographic and Health Survey, 2012/13",2005/06,,Country uses the 1993 System of National Accounts methodology.,Value added at basic prices (VAB),,2011,"IMF Balance of Payments Manual, 6th edition.",Actual,General trade system,Budgetary central government,General Data Dissemination System (GDDS),"Integrated household survey (IHS), 2010/11",,2010,2006,2014,2008,PK,PK,Pakistan,Pakistan
PLW,Republic of Palau,Upper middle income,East Asia & Pacific,IBRD,,U.S. dollar,2010,,2004/05,,Country uses the 1993 System of National Accounts methodology.,Value added at basic prices (VAB),,2011 (household consumption only).,,,,Budgetary central government,General Data Dissemination System (GDDS),,Yes,,,2014,,PW,PW,Palau,Palau
PAN,Republic of Panama,Upper middle income,Latin America & Caribbean,IBRD,,Panamanian balboa,2010,"Multiple Indicator Cluster Survey, 2013",2007,,Country uses the 1993 System of National Accounts methodology.,Value added at basic prices (VAB),,2011,"IMF Balance of Payments Manual, 6th edition.",Actual,Special trade system,Consolidated central government,General Data Dissemination System (GDDS),"Integrated household survey (IHS), 2013",,2011,2001,2014,2010,PA,PA,Panama,Panama
PNG,The Independent State of Papua New Guinea,Lower middle income,East Asia & Pacific,Blend,,Papua New Guinea kina,2011,"Living Standards Measurement Study, 1996",1998,,Country uses the 1993 System of National Accounts methodology.,Value added at basic prices (VAB),1989,2011 (household consumption only).,"IMF Balance of Payments Manual, 6th edition.",Actual,General trade system,Budgetary central government,General Data Dissemination System (GDDS),"Integrated household survey (IHS), 2009/10",,,2001,2012,2005,PG,PG,Papua New Guinea,Papua New Guinea
PRY,Republic of Paraguay,Upper middle income,Latin America & Caribbean,IBRD,,Paraguayan guarani,2012,"Reproductive Health Survey, 2008",1994,,Country uses the 1993 System of National Accounts methodology.,Value added at basic prices (VAB),,2011,"IMF Balance of Payments Manual, 6th edition.",Actual,General trade system,Consolidated central government,General Data Dissemination System (GDDS),"Integrated household survey (IHS), 2014",,2008,2010,2014,2012,PY,PY,Paraguay,Paraguay
PER,Republic of Peru,Upper middle income,Latin America & Caribbean,IBRD,,Peruvian new sol,2007,"Continuous Demographic and Health Survey, 2014",2007,,Country uses the 1993 System of National Accounts methodology.,Value added at basic prices (VAB),1985–90,2011,"IMF Balance of Payments Manual, 6th edition.",Actual,Special trade system,Consolidated central government,Special Data Dissemination Standard (SDDS),"Integrated household survey (IHS), 2014",,2012,2011,2014,2008,PE,PE,Peru,Peru
PHL,Republic of the Philippines,Lower middle income,East Asia & Pacific,IBRD,,Philippine peso,2010,"Demographic and Health Survey, 2013",2000,,Country uses the 1993 System of National Accounts methodology.,Value added at producer prices (VAP),,2011,"IMF Balance of Payments Manual, 6th edition.",Actual,General trade system,Budgetary central government,Special Data Dissemination Standard (SDDS),"Expenditure survey/budget survey (ES/BS), 2012",Yes,2012,2010,2014,2009,PH,PH,Philippines,Philippines
POL,Republic of Poland,High income: OECD,Europe & Central Asia,IBRD,,Polish zloty,"2011. Population data compiled from administrative registers in combination with other sources of data, such as a sample surveys.",,Original chained constant price data are rescaled.,2005,Country uses the 2008 System of National Accounts methodology.,Value added at basic prices (VAB),,Rolling,"IMF Balance of Payments Manual, 6th edition.",,Special trade system,Consolidated central government,Special Data Dissemination Standard (SDDS),"Expenditure survey/budget survey (ES/BS), 2012",Yes,2010,2011,2014,2012,PL,PL,Poland,Poland
PRT,Portuguese Republic,High income: OECD,Europe & Central Asia,,Euro area,Euro,2011,,Original chained constant price data are rescaled.,2010,Country uses the 2008 System of National Accounts methodology.,Value added at basic prices (VAB),,Rolling,"IMF Balance of Payments Manual, 6th edition.",,Special trade system,Consolidated central government,Special Data Dissemination Standard Plus (SDDS+),,Yes,2009,2011,2014,2007,PT,PT,Portugal,Portugal
PRI,Puerto Rico,High income: nonOECD,Latin America & Caribbean,,,U.S. dollar,2010,"Reproductive Health Survey, 1995/96",1953/54,,Country uses the 1968 System of National Accounts methodology.,Value added at producer prices (VAP),,,,,General trade system,,,,Yes,2012,2006,,2005,PR,PR,Puerto Rico,Puerto Rico
QAT,State of Qatar,High income: nonOECD,Middle East & North Africa,,,Qatari riyal,2010,"Multiple Indicator Cluster Survey, 2012",2013,,Country uses the 1993 System of National Accounts methodology.,Value added at producer prices (VAP),,2011,"IMF Balance of Payments Manual, 6th edition.",,General trade system,Budgetary central government,General Data Dissemination System (GDDS),,Yes,,2010,2014,2005,QA,QA,Qatar,Qatar
ROM,Romania,Upper middle income,Europe & Central Asia,IBRD,,New Romanian leu,2011,"Reproductive Health Survey, 2004",2005,,Country uses the 1993 System of National Accounts methodology.,Value added at basic prices (VAB),"1987–89, 1992",Rolling,"IMF Balance of Payments Manual, 6th edition.",Actual,Special trade system,Consolidated central government,Special Data Dissemination Standard (SDDS),"Expenditure survey/budget survey (ES/BS), 2012",Yes,2010,2012,2014,2009,RO,RO,Romania,Romania
RWA,Republic of Rwanda,Low income,Sub-Saharan Africa,IDA,HIPC,Rwandan franc,2012,"Demographic and Health Survey, 2014/15",2011,,Country uses the 2008 System of National Accounts methodology.,Value added at producer prices (VAP),1994,2011,"IMF Balance of Payments Manual, 6th edition.",Actual,General trade system,Budgetary central government,General Data Dissemination System (GDDS),"Integrated household survey (IHS), 2010/11",,2013,,2014,2000,RW,RW,Rwanda,Rwanda
WSM,Samoa,Lower middle income,East Asia & Pacific,IDA,,Samoan tala,2011,"Demographic and Health Survey, 2009",2008/09,,Country uses the 1993 System of National Accounts methodology.,Value added at basic prices (VAB),,2011 (household consumption only).,"IMF Balance of Payments Manual, 6th edition.",Actual,General trade system,Budgetary central government,General Data Dissemination System (GDDS),,,2009,,2014,,WS,WS,Samoa,Samoa
SMR,Republic of San Marino,High income: nonOECD,Europe & Central Asia,,,Euro,2010,,1990,,Country uses the 1993 System of National Accounts methodology.,Value added at basic prices (VAB),,,,,,Consolidated central government,General Data Dissemination System (GDDS),,Yes,,,,,SM,SM,San Marino,San Marino
STP,Democratic Republic of São Tomé and Principe,Lower middle income,Sub-Saharan Africa,IDA,HIPC,São Tomé and Principe dobra,2012,"Multiple Indicator Cluster Survey, 2014",2001,,Country uses the 1993 System of National Accounts methodology.,Value added at producer prices (VAP),,2011,"IMF Balance of Payments Manual, 6th edition.",Actual,Special trade system,Budgetary central government,General Data Dissemination System (GDDS),"Priority survey (PS), 2010",,2011/12,,2014,1993,ST,ST,São Tomé and Principe,São Tomé and Principe
SEN,Republic of Senegal,Lower middle income,Sub-Saharan Africa,IDA,HIPC,West African CFA franc,2013,"Continuous Demographic and Health Survey, 2015; HIV/Maternal and Child Health Service Provision Assessment Survey, 2015",1999,,Country uses the 1993 System of National Accounts methodology.,Value added at basic prices (VAB),,2011,"IMF Balance of Payments Manual, 6th edition.",Actual,General trade system,Budgetary central government,General Data Dissemination System (GDDS),"Priority survey (PS), 2011/12",,2014,2012,2014,2002,SN,SN,Senegal,Senegal
SRB,Republic of Serbia,Upper middle income,Europe & Central Asia,IBRD,,New Serbian dinar,2011,"Multiple Indicator Cluster Survey, 2014",Original chained constant price data are rescaled.,2010,Country uses the 1993 System of National Accounts methodology.,Value added at basic prices (VAB),,Rolling,"IMF Balance of Payments Manual, 6th edition.",Actual,General trade system,Consolidated central government,General Data Dissemination System (GDDS),"Integrated household survey (IHS), 2011",Yes,2012,2012,2014,2009,RS,YF,Serbia,Serbia
SYC,Republic of Seychelles,High income: nonOECD,Sub-Saharan Africa,IBRD,,Seychelles rupee,2010,,2006,,Country uses the 1993 System of National Accounts methodology.,Value added at basic prices (VAB),,2011,"IMF Balance of Payments Manual, 6th edition.",,,Consolidated central government,Special Data Dissemination Standard (SDDS),"Budget survey (BS), 2006/07",Yes,2011,,2008,2005,SC,SC,Seychelles,Seychelles
SLE,Republic of Sierra Leone,Low income,Sub-Saharan Africa,IDA,HIPC,Sierra Leonean leone,2004,"Demographic and Health Survey, 2013; Malaria Indicator Survey, 2013",2006,,Country uses the 1993 System of National Accounts methodology.,Value added at basic prices (VAB),,2011,"IMF Balance of Payments Manual, 6th edition.",Actual,,Consolidated central government,General Data Dissemination System (GDDS),"Integrated household survey (IHS), 2011",,,,2014,2005,SL,SL,Sierra Leone,Sierra Leone
SGP,Republic of Singapore,High income: nonOECD,East Asia & Pacific,,,Singapore dollar,2010. Population data compiled from administrative registers.,"National Health Survey, 2010",2010,,Country uses the 2008 System of National Accounts methodology.,Value added at basic prices (VAB),,2011,"IMF Balance of Payments Manual, 6th edition.",,General trade system,Consolidated central government,Special Data Dissemination Standard (SDDS),,Yes,,2012,2014,1975,SG,SG,Singapore,Singapore
SXM,Sint Maarten (Dutch part),High income: nonOECD,Latin America & Caribbean,,,Netherlands Antillean guilder,2011,,,,Country uses the 1993 System of National Accounts methodology.,,,2011,,,,,,,Yes,,,,,SX,SX,Sint Maarten (Dutch part),Sint Maarten (Dutch part)
SVK,Slovak Republic,High income: OECD,Europe & Central Asia,,Euro area,Euro,2011,"World Health Survey, 2003",Original chained constant price data are rescaled.,2010,Country uses the 2008 System of National Accounts methodology.,Value added at basic prices (VAB),,Rolling,"IMF Balance of Payments Manual, 6th edition.",,Special trade system,Consolidated central government,Special Data Dissemination Standard (SDDS),"Income survey (IS), 2013",Yes,2010,2011,2014,2007,SK,SK,Slovak Republic,Slovak Republic
SVN,Republic of Slovenia,High income: OECD,Europe & Central Asia,,Euro area,Euro,2011. Population data compiled from administrative registers.,"World Health Survey, 2003",Original chained constant price data are rescaled.,2010,Country uses the 2008 System of National Accounts methodology.,Value added at basic prices (VAB),,Rolling,"IMF Balance of Payments Manual, 6th edition.",,Special trade system,Consolidated central government,Special Data Dissemination Standard (SDDS),"Expenditure survey/budget survey (ES/BS), 2012",Yes,2010,2012,2014,2012,SI,SI,Slovenia,Slovenia
SLB,Solomon Islands,Lower middle income,East Asia & Pacific,IDA,,Solomon Islands dollar,2009,"Solomon Islands Demographic and Health Survey, 2006/07",2004,,Country uses the 1993 System of National Accounts methodology.,Value added at basic prices (VAB),,2011 (household consumption only).,"IMF Balance of Payments Manual, 6th edition.",Estimate,Special trade system,Budgetary central government,General Data Dissemination System (GDDS),"Integrated household survey (IHS), 2005/06",,,,2014,,SB,SB,Solomon Islands,Solomon Islands
SOM,Somali Democratic Republic,Low income,Sub-Saharan Africa,IDA,HIPC,Somali shilling,1987,"Multiple Indicator Cluster Survey, 2006",1985,,Country uses the 1968 System of National Accounts methodology.,Value added at basic prices (VAB),1977–90,,,Estimate,,,,,,,,,2003,SO,SO,Somalia,Somalia
ZAF,Republic of South Africa,Upper middle income,Sub-Saharan Africa,IBRD,,South African rand,2011,"Demographic and Health Survey, 2003; World Health Survey, 2003",2010,,Country uses the 2008 System of National Accounts methodology.,Value added at basic prices (VAB),,2011,"IMF Balance of Payments Manual, 6th edition.",Preliminary,General trade system,Consolidated central government,Special Data Dissemination Standard (SDDS),"Expenditure survey/budget survey (ES/BS), 2010/11",,2007,2010,2014,2000,ZA,ZA,South Africa,South Africa
SSD,Republic of South Sudan,Low income,Sub-Saharan Africa,IDA,,South Sudanese Pound,2008,"Multiple Indicator Cluster Survey, 2010",2009,,Country uses the 1993 System of National Accounts methodology.,,,,,,,,,"Expenditure survey/budget survey (ES/BS), 2009",,,,,2011,SS,SS,South Sudan,South Sudan
LKA,Democratic Socialist Republic of Sri Lanka,Lower middle income,South Asia,Blend,,Sri Lankan rupee,2012,"Demographic and Health Survey, 2006/07",2010,,Country uses the 1993 System of National Accounts methodology.,Value added at producer prices (VAP),,2011,"IMF Balance of Payments Manual, 6th edition.",Actual,General trade system,Budgetary central government,Special Data Dissemination Standard (SDDS),"Expenditure survey/budget survey (ES/BS), 2012/13",Yes,2013,2011,2014,2005,LK,LK,Sri Lanka,Sri Lanka
KNA,St. Kitts and Nevis,High income: nonOECD,Latin America & Caribbean,IBRD,,East Caribbean dollar,2011,,2006,,Country uses the 1993 System of National Accounts methodology.,Value added at basic prices (VAB),,2011,"IMF Balance of Payments Manual, 6th edition.",,Special trade system,Budgetary central government,General Data Dissemination System (GDDS),,Yes,,,2011,2012,KN,KN,St. Kitts and Nevis,St. Kitts and Nevis
LCA,St. Lucia,Upper middle income,Latin America & Caribbean,Blend,,East Caribbean dollar,2010,"Multiple Indicator Cluster Survey, 2012",2006,,Country uses the 1968 System of National Accounts methodology.,Value added at basic prices (VAB),,2011,"IMF Balance of Payments Manual, 6th edition.",Actual,,Budgetary central government,General Data Dissemination System (GDDS),"Integrated household survey (IHS), 1995",Yes,2007,,2014,2007,LC,LC,St. Lucia,St. Lucia
MAF,St. Martin (French part),High income: nonOECD,Latin America & Caribbean,,,Euro,,,,,Country uses the 1993 System of National Accounts methodology.,,,,,,,,,,,,,,,MF,MF,St. Martin (French part),St. Martin (French part)
VCT,St. Vincent and the Grenadines,Upper middle income,Latin America & Caribbean,Blend,,East Caribbean dollar,2011,,2006,,Country uses the 1993 System of National Accounts methodology.,Value added at basic prices (VAB),,2011,"IMF Balance of Payments Manual, 6th edition.",Actual,Special trade system,Consolidated central government,General Data Dissemination System (GDDS),,Yes,,,2012,2013,VC,VC,St. Vincent and the Grenadines,St. Vincent and the Grenadines
SDN,Republic of the Sudan,Lower middle income,Sub-Saharan Africa,IDA,HIPC,Sudanese pound,2008,"Multiple Indicator Cluster Survey, 2014",1981/82. Reporting period switch from fiscal year to calendar year from 1996. Pre-1996 data converted to calendar year.,1996,Country uses the 1968 System of National Accounts methodology.,Value added at basic prices (VAB),,2011,"IMF Balance of Payments Manual, 6th edition.",Preliminary,General trade system,Budgetary central government,General Data Dissemination System (GDDS),"Expenditure survey/budget survey (ES/BS), 2009",,2015,2001,2012,2011,SD,SD,Sudan,Sudan
SUR,Republic of Suriname,Upper middle income,Latin America & Caribbean,IBRD,,Suriname dollar,2012,"Multiple Indicator Cluster Survey, 2010",2007,,Country uses the 1993 System of National Accounts methodology.,Value added at basic prices (VAB),,2011,"IMF Balance of Payments Manual, 6th edition.",,General trade system,Budgetary central government,General Data Dissemination System (GDDS),"Expenditure survey/budget survey (ES/BS), 1999",Yes,2008/09,2003,2014,2006,SR,SR,Suriname,Suriname
SWZ,Kingdom of Swaziland,Lower middle income,Sub-Saharan Africa,IBRD,,Swaziland lilangeni,2007,"Multiple Indicator Cluster Survey, 2014",2011,,Country uses the 1993 System of National Accounts methodology.,Value added at basic prices (VAB),,2011,"IMF Balance of Payments Manual, 6th edition.",Actual,,Budgetary central government,General Data Dissemination System (GDDS),"Expenditure survey/budget survey (ES/BS), 2009/10",,,,2007,2000,SZ,SZ,Swaziland,Swaziland
SWE,Kingdom of Sweden,High income: OECD,Europe & Central Asia,,,Swedish krona,2011. Population data compiled from administrative registers.,,Original chained constant price data are rescaled.,2010,Country uses the 2008 System of National Accounts methodology.,Value added at basic prices (VAB),,Rolling,"IMF Balance of Payments Manual, 6th edition.",,Special trade system,Consolidated central government,Special Data Dissemination Standard Plus (SDDS+),"Income survey (IS), 2012",Yes,2010,2012,2014,2010,SE,SE,Sweden,Sweden
SYR,Syrian Arab Republic,Lower middle income,Middle East & North Africa,IBRD,,Syrian pound,2004,"Multiple Indicator Cluster Survey, 2006",2000,,Country uses the 1968 System of National Accounts methodology.,Value added at basic prices (VAB),1970–2010,2011,"IMF Balance of Payments Manual, 6th edition.",Estimate,Special trade system,Budgetary central government,General Data Dissemination System (GDDS),"Expenditure survey/budget survey (ES/BS), 2007",,,2005,2010,2005,SY,SY,Syrian Arab Republic,Syrian Arab Republic
TJK,Republic of Tajikistan,Lower middle income,Europe & Central Asia,IDA,,Tajik somoni,2010,"Demographic and Health Survey, 2012",Original chained constant price data are rescaled.,2000,Country uses the 1993 System of National Accounts methodology.,Value added at basic prices (VAB),1990–95,2011,"IMF Balance of Payments Manual, 6th edition.",Actual,,Consolidated central government,General Data Dissemination System (GDDS),"Living Standards Measurement Study Survey (LSMS), 2014",,2013,,2000,2006,TJ,TJ,Tajikistan,Tajikistan
TZA,United Republic of Tanzania,Low income,Sub-Saharan Africa,IDA,HIPC,Tanzanian shilling,2012,"Demographic and Health Survey, 2015/16",2007,,Country uses the 2008 System of National Accounts methodology.,Value added at basic prices (VAB),,2011,"IMF Balance of Payments Manual, 6th edition.",Actual,General trade system,Budgetary central government,General Data Dissemination System (GDDS),"Expenditure survey/budget survey (ES/BS), 2011/12",,2007/08,2010,2014,2002,TZ,TZ,Tanzania,Tanzania
THA,Kingdom of Thailand,Upper middle income,East Asia & Pacific,IBRD,,Thai baht,2010,"Multiple Indicator Cluster Survey, 2012/13",2002,,Country uses the 1993 System of National Accounts methodology.,Value added at producer prices (VAP),,2011,"IMF Balance of Payments Manual, 6th edition.",Actual,Special trade system,Consolidated central government,Special Data Dissemination Standard (SDDS),"Integrated household survey (IHS), 2013",,2013,2011,2014,2007,TH,TH,Thailand,Thailand
TMP,Democratic Republic of Timor-Leste,Lower middle income,East Asia & Pacific,Blend,,U.S. dollar,2010,"Demographic and Health Survey, 2009/10",2010,,Country uses the 2008 System of National Accounts methodology.,Value added at basic prices (VAB),,,"IMF Balance of Payments Manual, 6th edition.",,,Consolidated central government,General Data Dissemination System (GDDS),"Living Standards Measurement Study Survey (LSMS), 2007",,,,2013,2004,TL,TP,Timor-Leste,Timor-Leste
TGO,Republic of Togo,Low income,Sub-Saharan Africa,IDA,HIPC,West African CFA franc,2010,"Demographic and Health Survey, 2013/14",2000,,Country uses the 1968 System of National Accounts methodology.,Value added at producer prices (VAP),,2011,"IMF Balance of Payments Manual, 6th edition.",Actual,Special trade system,Budgetary central government,General Data Dissemination System (GDDS),"Core Welfare Indicator Questionnaire Survey (CWIQ), 2011",,2011-14,,2013,2002,TG,TG,Togo,Togo
TON,Kingdom of Tonga,Upper middle income,East Asia & Pacific,IDA,,Tongan pa'anga,2006,"Demographic and Health Survey, 2012",2010/11,,Country uses the 1993 System of National Accounts methodology.,Value added at basic prices (VAB),,2011 (household consumption only).,"IMF Balance of Payments Manual, 6th edition.",Actual,General trade system,,General Data Dissemination System (GDDS),"Integrated household survey (IHS), 2009",,2014,,2014,,TO,TO,Tonga,Tonga
TTO,Republic of Trinidad and Tobago,High income: nonOECD,Latin America & Caribbean,IBRD,,Trinidad and Tobago dollar,2011,"Multiple Indicator Cluster Survey, 2011",2000,,Country uses the 1993 System of National Accounts methodology.,Value added at basic prices (VAB),,2011,"IMF Balance of Payments Manual, 6th edition.",,Special trade system,Consolidated central government,General Data Dissemination System (GDDS),"Integrated household survey (IHS), 1992",Yes,,2006,2010,2011,TT,TT,Trinidad and Tobago,Trinidad and Tobago
TUN,Republic of Tunisia,Upper middle income,Middle East & North Africa,IBRD,,Tunisian dinar,2014,"Multiple Indicator Cluster Survey, 2011/12",2010,,Country uses the 1993 System of National Accounts methodology.,Value added at basic prices (VAB),,2011,"IMF Balance of Payments Manual, 6th edition.",Actual,General trade system,Consolidated central government,Special Data Dissemination Standard (SDDS),"Integrated household survey (IHS), 2012",,,2010,2013,2011,TN,TN,Tunisia,Tunisia
TKM,Turkmenistan,Upper middle income,Europe & Central Asia,IBRD,,New Turkmen manat,2012,"Multiple Indicator Cluster Survey, 2015/16",2005,,Country uses the 1993 System of National Accounts methodology.,Value added at basic prices (VAB),"1987–95, 1997–2007",,"IMF Balance of Payments Manual, 6th edition.",Estimate,,,,"Living Standards Measurement Study Survey (LSMS), 1998",,,,2000,2004,TM,TM,Turkmenistan,Turkmenistan
TCA,Turks and Caicos Islands,High income: nonOECD,Latin America & Caribbean,,,U.S. dollar,2012,,,,Country uses the 1993 System of National Accounts methodology.,,,2011,,,General trade system,,,,Yes,,,2012,,TC,TC,Turks and Caicos Islands,Turks and Caicos Islands
TUV,Tuvalu,Upper middle income,East Asia & Pacific,IDA,,Australian dollar,2012,"Demographic and Health Survey, 2007",2005,,Country uses the 1968 System of National Accounts methodology.,Value added at basic prices (VAB),,2011 (household consumption only).,"IMF Balance of Payments Manual, 6th edition.",,,,General Data Dissemination System (GDDS),,,,,2008,,TV,TV,Tuvalu,Tuvalu
UGA,Republic of Uganda,Low income,Sub-Saharan Africa,IDA,HIPC,Ugandan shilling,2014,"Malaria Indicator Survey, 2014/15",2009/10,,Country uses the 2008 System of National Accounts methodology.,Value added at basic prices (VAB),,2011,"IMF Balance of Payments Manual, 6th edition.",Actual,General trade system,Budgetary central government,General Data Dissemination System (GDDS),"Integrated household survey (IHS), 2012/13",,2008/09,2000,2014,2008,UG,UG,Uganda,Uganda
UKR,Ukraine,Lower middle income,Europe & Central Asia,IBRD,,Ukrainian hryvnia,2001,"Multiple Indicator Cluster Survey, 2012",Original chained constant price data are rescaled.,2003,Country uses the 1993 System of National Accounts methodology.,Value added at basic prices (VAB),1987–95,2011,"IMF Balance of Payments Manual, 6th edition.",Actual,General trade system,Consolidated central government,Special Data Dissemination Standard (SDDS),"Expenditure survey/budget survey (ES/BS), 2013",Yes,,2012,2014,2010,UA,UA,Ukraine,Ukraine
ARE,United Arab Emirates,High income: nonOECD,Middle East & North Africa,,,U.A.E. dirham,2010,"World Health Survey, 2003",2007,,Country uses the 1993 System of National Accounts methodology.,Value added at producer prices (VAP),,2011,"IMF Balance of Payments Manual, 6th edition.",,Special trade system,Consolidated central government,General Data Dissemination System (GDDS),,,2012,,2014,2005,AE,AE,United Arab Emirates,United Arab Emirates
URY,Oriental Republic of Uruguay,High income: nonOECD,Latin America & Caribbean,IBRD,,Uruguayan peso,2011,"Multiple Indicator Cluster Survey, 2012/13",2005,,Country uses the 1993 System of National Accounts methodology.,Value added at basic prices (VAB),,2011,"IMF Balance of Payments Manual, 6th edition.",,Special trade system,Consolidated central government,Special Data Dissemination Standard (SDDS),"Integrated household survey (IHS), 2014",Yes,2011,2010,2014,2000,UY,UY,Uruguay,Uruguay
UZB,Republic of Uzbekistan,Lower middle income,Europe & Central Asia,Blend,,Uzbek sum,1989,"Multiple Indicator Cluster Survey, 2006",Original chained constant price data are rescaled.,1997,Country uses the 1993 System of National Accounts methodology.,Value added at basic prices (VAB),1990–95,,"IMF Balance of Payments Manual, 6th edition.",Actual,General trade system,Consolidated central government,,"Expenditure survey/budget survey (ES/BS), 2011",Yes,,,,2005,UZ,UZ,Uzbekistan,Uzbekistan
VUT,Republic of Vanuatu,Lower middle income,East Asia & Pacific,IDA,,Vanuatu vatu,2009,"Multiple Indicator Cluster Survey, 2007/08",2006,,Country uses the 1993 System of National Accounts methodology.,Value added at basic prices (VAB),,2011 (household consumption only).,"IMF Balance of Payments Manual, 6th edition.",Estimate,General trade system,Budgetary central government,General Data Dissemination System (GDDS),"Integrated household survey (IHS), 2010",,2007,,2011,,VU,VU,Vanuatu,Vanuatu
VEN,República Bolivariana de Venezuela,High income: nonOECD,Latin America & Caribbean,IBRD,,Venezuelan bolivar fuerte,2011,"Multiple Indicator Cluster Survey, 2000",1997,,Country uses the 1993 System of National Accounts methodology.,Value added at basic prices (VAB),,2011,"IMF Balance of Payments Manual, 6th edition.",,General trade system,Consolidated central government,General Data Dissemination System (GDDS),"Integrated household survey (IHS), 2013",Yes,2008,,2013,2007,VE,VE,"Venezuela, RB",Venezuela
VNM,Socialist Republic of Vietnam,Lower middle income,East Asia & Pacific,Blend,,Vietnamese dong,2009,"Multiple Indicator Cluster Survey, 2013/14",2010,,Country uses the 1993 System of National Accounts methodology.,Value added at producer prices (VAP),1991,2011,"IMF Balance of Payments Manual, 6th edition.",Actual,General trade system,,General Data Dissemination System (GDDS),"Integrated household survey (IHS), 2014",Yes,2011,2012,2014,2005,VN,VN,Vietnam,Vietnam
VIR,Virgin Islands of the United States,High income: nonOECD,Latin America & Caribbean,,,U.S. dollar,2010,,1982,,Country uses the 1968 System of National Accounts methodology.,,,,,,General trade system,,,,Yes,2012,,,,VI,VI,Virgin Islands (U.S.),Virgin Islands
WBG,West Bank and Gaza,Lower middle income,Middle East & North Africa,,,Israeli new shekel,2007,"Multiple Indicator Cluster Survey, 2014",2004,,Country uses the 1968 System of National Accounts methodology.,Value added at basic prices (VAB),,2011,"IMF Balance of Payments Manual, 6th edition.",,,Consolidated central government,Special Data Dissemination Standard (SDDS),"Integrated household survey (IHS), 2011",,2010,2010,2014,2005,PS,GZ,West Bank and Gaza,West Bank and Gaza
YEM,Republic of Yemen,Lower middle income,Middle East & North Africa,IDA,,Yemeni rial,2004,"Demographic and Health Survey, 2013",2007,,Country uses the 1993 System of National Accounts methodology.,Value added at producer prices (VAP),1990–96,2011,"IMF Balance of Payments Manual, 6th edition.",Estimate,Special trade system,Consolidated central government,General Data Dissemination System (GDDS),"Expenditure survey/budget survey (ES/BS), 2005",,,2009,2014,2005,YE,RY,"Yemen, Rep.",Yemen
ZMB,Republic of Zambia,Lower middle income,Sub-Saharan Africa,IDA,HIPC,New Zambian kwacha,2010,"Demographic and Health Survey, 2013/14",2010,,Country uses the 2008 System of National Accounts methodology.,Value added at basic prices (VAB),1990–92,2011,"IMF Balance of Payments Manual, 6th edition.",Actual,General trade system,Budgetary central government,General Data Dissemination System (GDDS),"Integrated household survey (IHS), 2010",,,,2014,2002,ZM,ZM,Zambia,Zambia
ZWE,Republic of Zimbabwe,Low income,Sub-Saharan Africa,Blend,,U.S. dollar,2012,"Demographic and Health Survey, 2015",2009,,Country uses the 1993 System of National Accounts methodology.,Value added at basic prices (VAB),"1991, 1998",2011,"IMF Balance of Payments Manual, 6th edition.",Actual,General trade system,Budgetary central government,General Data Dissemination System (GDDS),"Integrated household survey (IHS), 2011/12",,,,2014,2002,ZW,ZW,Zimbabwe,Zimbabwe
